DATA,-0.1467,0.0286,33391,-0.1181

DATA,-0.1580,0.0616,33415,-0.0964

DATA,-0.2307,-0.0014,33440,-0.2321

DATA,-0.2456,-0.0486,33464,-0.2942

DATA,-0.2443,0.1463,33501,-0.0980

DATA,-0.2106,-0.0024,33526,-0.2130

DATA,-0.2520,-0.0054,33550,-0.2574

DATA,-0.1919,0.0397,33575,-0.1522

DATA,-0.1856,-0.0196,33599,-0.2052

DATA,-0.3308,-0.0141,33624,-0.3449

DATA,-0.2522,0.0664,33649,-0.1858

DATA,-0.2041,-0.0325,33673,-0.2366

DATA,-0.2735,-0.1014,33698,-0.3748

DATA,-0.1943,0.1115,33722,-0.0829

DATA,-0.2228,-0.0289,33747,-0.2517

DATA,-0.2843,-0.0408,33771,-0.3252

DATA,-0.1766,-0.0348,33796,-0.2114

DATA,-0.1883,-0.0206,33821,-0.2089

DATA,-0.1994,0.0429,33857,-0.1564

DATA,-0.2349,0.1011,33882,-0.1339

DATA,-0.1851,0.0853,33906,-0.0998

DATA,-0.2144,0.1059,33931,-0.1084

DATA,-0.2470,0.0186,33956,-0.2283

DATA,-0.1749,-0.0769,33980,-0.2519

DATA,-0.1480,0.0539,34005,-0.0941

DATA,-0.2588,-0.0799,34029,-0.3387

DATA,-0.1763,0.0551,34054,-0.1213

DATA,-0.1591,-0.0071,34078,-0.1662

DATA,-0.1138,-0.0399,34103,-0.1537

DATA,-0.3017,-0.0193,34127,-0.3210
DATA,-0.1948,-0.0053,34152,-0.2001

DATA,-0.2035,0.1082,34189,-0.0952

DATA,-0.2898,-0.0710,34213,-0.3608

DATA,-0.1669,0.0358,34238,-0.1311

DATA,-0.1975,0.0371,34263,-0.1604

DATA,-0.2076,0.0889,34287,-0.1187

DATA,-0.2480,0.0904,34312,-0.1576

DATA,-0.2213,-0.1064,34336,-0.3277

DATA,-0.2585,0.0223,34361,-0.2362

DATA,-0.1628,-0.0740,34385,-0.2368

DATA,-0.2778,-0.0871,34410,-0.3648

DATA,-0.1754,-0.0925,34434,-0.2679

DATA,-0.2485,0.0459,34459,-0.2026

DATA,-0.2376,0.0070,34484,-0.2306

DATA,-0.2599,-0.0141,34508,-0.2740

DATA,-0.1980,-0.0853,34545,-0.2833

DATA,-0.3140,-0.0978,34569,-0.4118

DATA,-0.3328,-0.0260,34594,-0.3588

DATA,-0.2419,0.1306,34619,-0.1113

DATA,-0.2543,0.1072,34643,-0.1471

DATA,-0.3603,-0.0252,34668,-0.3855
DATA,-0.2614,-0.0708,34692,-0.3323

DATA,-0.2621,0.0422,34717,-0.2199

DATA,-0.2300,0.0048,34741,-0.2252

DATA,-0.1254,0.0142,34766,-0.1112

DATA,-0.3061,0.0419,34790,-0.2642

DATA,-0.3165,0.0294,34815,-0.2871

DATA,-0.2721,0.0015,34840,-0.2706

DATA,-0.2955,0.0708,34876,-0.2248

DATA,-0.2295,-0.1110,34901,-0.3405

DATA,-0.2128,0.0615,34926,-0.1513

DATA,-0.2595,0.0325,34950,-0.2270

DATA,-0.3235,-0.0220,34975,-0.3455

DATA,-0.3052,0.0138,34999,-0.2914

DATA,-0.3027,0.0393,35024,-0.2634

DATA,-0.2119,-0.0479,35048,-0.2598

DATA,-0.3407,-0.0691,35073,-0.4098

DATA,-0.3787,0.0159,35097,-0.3628

DATA,-0.4762,-0.0271,35122,-0.5032

DATA,-0.4367,-0.0331,35147,-0.4698

DATA,-0.4622,0.0774,35171,-0.3848

DATA,0.1111,0.0463,35196,0.1574

DATA,1.8508,-0.0148,35232,1.8360

DATA,2.6892,0.0591,35257,2.7483

DATA,2.7349,0.0636,35282,2.7985

DATA,3.2411,-0.0549,35306,3.1861

DATA,3.7356,0.1057,35331,3.8413

DATA,5.2342,0.0335,35355,5.2677

DATA,7.1930,-0.0600,35380,7.1330

DATA,8.7276,-0.0772,35404,8.6505

DATA,8.5221,-0.0252,35429,8.4970

DATA,8.1974,-0.0051,35453,8.1923

DATA,9.6601,-0.0615,35478,9.5986

DATA,12.0487,-0.0514,35503,11.9973

DATA,13.0486,0.0649,35527,13.1136

DATA,13.0548,0.0351,35564,13.0899

DATA,12.7934,-0.1015,35589,12.6919

DATA,13.7052,-0.0093,35613,13.6959

DATA,14.9472,0.1222,35638,15.0694

DATA,15.1205,-0.0627,35662,15.0578

DATA,14.4225,0.0243,35687,14.4469

DATA,13.7166,-0.0251,35711,13.6916

DATA,12.8678,0.0101,35736,12.8778

DATA,12.3842,0.1024,35760,12.4865

DATA,12.3855,0.1878,35785,12.5733

DATA,12.2341,0.0379,35810,12.2720

DATA,11.9603,0.0489,35834,12.0092

DATA,13.3924,-0.0557,35859,13.3367

DATA,13.9409,-0.0047,35883,13.9362

DATA,12.9502,0.0271,35920,12.9773

DATA,12.6096,-0.1367,35945,12.4730

DATA,12.6819,0.0093,35969,12.6911

DATA,12.5477,-0.0178,35994,12.5299

DATA,10.7528,0.0351,36018,10.7879

DATA,8.5032,0.1153,36043,8.6185

DATA,5.3814,0.0148,36067,5.3962

DATA,2.9709,0.0692,36092,3.0401

DATA,2.1478,0.0277,36117,2.1755

DATA,1.7860,-0.1337,36141,1.6523

DATA,0.9387,0.0399,36166,0.9786

DATA,0.6842,0.0944,36190,0.7786

DATA,0.5510,0.0238,36215,0.5748

DATA,0.5519,0.0177,36252,0.5696

DATA,0.6747,-0.0453,36276,0.6294

DATA,0.5644,0.1260,36301,0.6904

DATA,0.6728,-0.0134,36325,0.6594

DATA,0.6443,-0.0264,36350,0.6179

DATA,0.6389,-0.0713,36374,0.5677

DATA,0.9007,0.0178,36399,0.9185

DATA,1.4158,0.0482,36423,1.4640

DATA,1.6377,0.1631,36448,1.8007

DATA,3.0028,-0.0234,36473,2.9794

DATA,3.8594,-0.0533,36497,3.8061

DATA,4.6850,-0.0021,36522,4.6829

DATA,5.9667,-0.0370,36546,5.9297

DATA,7.4473,0.1073,36571,7.5546

DATA,8.1529,0.1821,36608,8.3350

DATA,8.1728,0.0227,36632,8.1955

DATA,8.6377,0.0410,36657,8.6787

DATA,9.3941,0.1023,36681,9.4964

DATA,8.8287,0.0241,36706,8.8528

DATA,8.1778,0.0780,36730,8.2558

DATA,7.9515,0.1275,36755,8.0790

DATA,8.1890,0.0525,36780,8.2416

DATA,8.6023,0.0247,36804,8.6270

DATA,7.8746,-0.0438,36829,7.8308

DATA,6.3884,0.0251,36853,6.4135

DATA,4.8695,0.0072,36878,4.8767

DATA,4.6382,-0.0561,36902,4.5822

DATA,4.2678,-0.0688,36927,4.1990

DATA,2.9132,0.0455,36964,2.9587

DATA,2.0428,-0.0831,36988,1.9597

DATA,1.4985,0.0463,37013,1.5448

DATA,1.3467,0.0915,37037,1.4382

DATA,1.4399,-0.0656,37062,1.3743

DATA,1.3255,0.0628,37087,1.3883

DATA,1.7368,0.0737,37111,1.8106

DATA,1.4055,0.0928,37136,1.4982

DATA,1.0027,-0.0259,37160,0.9768

DATA,1.8521,-0.0216,37185,1.8306

DATA,3.9507,-0.1110,37209,3.8397

DATA,6.0532,-0.1127,37234,5.9405

DATA,6.9722,-0.0315,37259,6.9406

DATA,7.5494,-0.0580,37295,7.4914

DATA,8.8117,0.0081,37320,8.8198

DATA,8.7732,0.0543,37345,8.8274

DATA,8.1925,0.0441,37369,8.2366

DATA,8.2995,0.0295,37394,8.3290

DATA,8.4517,-0.0241,37418,8.4276

DATA,8.6172,0.0361,37443,8.6533

DATA,8.4520,0.0644,37467,8.5164

DATA,8.1597,0.0012,37492,8.1609

DATA,8.3093,-0.0249,37516,8.2844

DATA,7.5007,-0.0186,37541,7.4821

DATA,5.9401,-0.0025,37566,5.9377

DATA,3.8242,-0.0105,37590,3.8136

DATA,3.2737,0.0059,37615,3.2797

DATA,3.2416,0.0449,37652,3.2865

DATA,2.7319,-0.0692,37676,2.6627

DATA,2.6885,0.0167,37701,2.7052

DATA,2.7281,0.1192,37725,2.8472

DATA,2.1393,0.0197,37750,2.1590

DATA,1.1698,0.1354,37774,1.3052

DATA,1.4147,-0.0236,37799,1.3911

DATA,2.1239,0.0630,37824,2.1869

DATA,2.1972,-0.0089,37848,2.1882

DATA,1.9263,-0.0732,37873,1.8532

DATA,2.9010,-0.0411,37897,2.8599

DATA,3.7855,0.0300,37922,3.8155

DATA,4.4236,0.0107,37946,4.4344

DATA,5.6605,0.0083,37971,5.6688

DATA,6.5522,-0.0573,38008,6.4949

DATA,6.8300,-0.0467,38032,6.7833

DATA,7.6130,0.1025,38057,7.7155

DATA,7.8159,0.0415,38081,7.8575

DATA,7.7175,0.0074,38106,7.7248

DATA,7.9099,0.0176,38131,7.9275

DATA,8.4420,-0.0557,38155,8.3863

DATA,8.8945,0.0253,38180,8.9199

DATA,9.4749,0.0736,38204,9.5485

DATA,9.7418,-0.0352,38229,9.7066

DATA,10.0230,0.0648,38253,10.0878

DATA,10.6338,-0.0314,38278,10.6024

DATA,11.4926,-0.0033,38302,11.4893

DATA,11.7401,0.0808,38339,11.8209

DATA,11.5960,-0.0673,38364,11.5287

DATA,11.6389,0.0353,38388,11.6743

DATA,12.3732,-0.1407,38413,12.2324

DATA,13.3285,0.0328,38438,13.3614

DATA,13.7803,-0.0188,38462,13.7615

DATA,13.5903,0.0142,38487,13.6045

DATA,13.0973,0.0412,38511,13.1385

DATA,12.5172,0.0156,38536,12.5329

DATA,12.7912,0.1797,38560,12.9710

DATA,13.4949,-0.0618,38585,13.4331

DATA,12.7670,0.0677,38609,12.8347

DATA,12.0290,-0.0648,38634,11.9642

DATA,12.7839,-0.0060,38659,12.7779

DATA,12.7201,-0.0206,38695,12.6994

DATA,12.5170,-0.0855,38720,12.4315

DATA,12.1438,-0.0128,38745,12.1310

DATA,12.1530,0.1061,38769,12.2591

DATA,12.1651,0.0774,38794,12.2425

DATA,11.7762,-0.0544,38818,11.7218

DATA,11.2474,0.0469,38843,11.2943

DATA,11.1944,0.0320,38867,11.2264

DATA,11.4914,-0.0472,38892,11.4441

DATA,12.5637,-0.0178,38916,12.5459

DATA,13.2476,-0.0058,38941,13.2418

DATA,13.0837,-0.0038,38966,13.0799

DATA,13.2575,-0.0764,38990,13.1812

DATA,13.7971,-0.0607,39027,13.7364

DATA,13.8105,-0.0169,39052,13.7936

DATA,13.2037,0.0635,39076,13.2672

DATA,13.0067,0.0239,39101,13.0307

DATA,12.3441,-0.0442,39125,12.2999

DATA,12.5351,0.0441,39150,12.5792

DATA,12.6865,0.0858,39174,12.7723

DATA,12.5469,0.0704,39199,12.6173

DATA,12.2857,0.0741,39223,12.3597

DATA,12.5299,-0.0164,39248,12.5136

DATA,12.7731,0.1322,39273,12.9052

DATA,13.0796,0.0167,39297,13.0963

DATA,12.6274,0.0819,39322,12.7094

DATA,12.1319,-0.0671,39346,12.0648

DATA,11.4097,0.0657,39383,11.4754

DATA,11.3507,0.0718,39408,11.4225

DATA,11.6174,0.0131,39432,11.6305

DATA,10.9423,0.0504,39457,10.9927

DATA,9.7494,0.1466,39481,9.8961

DATA,10.2545,0.0402,39506,10.2947

DATA,10.7973,0.0063,39530,10.8036

DATA,10.3103,-0.0001,39555,10.3102

DATA,9.6929,0.0423,39580,9.7351

DATA,10.5060,0.1378,39604,10.6438

DATA,11.1580,0.0766,39629,11.2347

DATA,11.3048,0.0727,39653,11.3775

DATA,11.1031,-0.0093,39678,11.0938

DATA,10.9115,0.0501,39702,10.9616

DATA,11.0590,0.0598,39739,11.1188

DATA,11.2168,0.0007,39764,11.2175

DATA,11.4751,0.0147,39788,11.4897

DATA,11.4961,-0.0753,39813,11.4209

DATA,11.1556,-0.0246,39837,11.1310

DATA,11.5508,0.1111,39862,11.6618

DATA,12.5798,0.0294,39887,12.6092

DATA,12.8462,0.0125,39911,12.8587

DATA,12.0673,0.0008,39936,12.0681

DATA,10.9651,-0.0664,39960,10.8987

DATA,10.4840,-0.0122,39985,10.4718

DATA,10.5832,-0.0529,40009,10.5303

DATA,10.4996,0.1203,40034,10.6199

DATA,10.5224,0.0945,40071,10.6169

DATA,10.0877,0.1464,40095,10.2342

DATA,10.0183,-0.0579,40120,9.9604

DATA,9.8015,0.0244,40144,9.8259

DATA,8.8173,0.0080,40169,8.8253

DATA,8.3661,0.0453,40194,8.4115

DATA,7.8140,0.1110,40218,7.9250

DATA,8.4368,-0.0939,40243,8.3428

DATA,8.7525,0.0303,40267,8.7827

DATA,8.0485,0.0255,40292,8.0740

DATA,7.7209,0.0193,40316,7.7402

DATA,8.4654,0.1136,40341,8.5790

DATA,9.0411,-0.0498,40366,8.9914

DATA,9.2033,0.0329,40390,9.2362

DATA,8.9475,-0.0829,40427,8.8646

DATA,9.3369,0.0717,40452,9.4086

DATA,9.7477,-0.0983,40476,9.6494

DATA,10.1117,0.1008,40501,10.2126

DATA,9.7532,0.0391,40525,9.7924

DATA,9.8721,-0.0205,40550,9.8516

DATA,10.0474,-0.0501,40574,9.9973

DATA,10.0829,0.0910,40599,10.1739

DATA,10.7199,0.0609,40623,10.7808

DATA,10.6898,0.0451,40648,10.7349

DATA,10.7034,0.0181,40673,10.7215

DATA,9.5337,-0.0752,40697,9.4585

DATA,9.6118,-0.0886,40722,9.5232

DATA,9.4671,0.1215,40759,9.5886

DATA,9.4870,0.0043,40783,9.4913

DATA,8.8125,0.1405,40808,8.9530

DATA,8.1219,-0.0372,40832,8.0847

DATA,7.2986,0.0066,40857,7.3053

DATA,6.8019,0.1020,40881,6.9039

DATA,7.5277,0.0756,40906,7.6033

DATA,7.5260,0.0106,40930,7.5366

DATA,7.6051,0.0499,40955,7.6550

DATA,7.5371,-0.0733,40980,7.4638

DATA,7.9786,0.0315,41004,8.0101

DATA,8.4637,0.1428,41029,8.6065

DATA,8.3978,0.1857,41053,8.5835

DATA,7.1664,0.0816,41078,7.2479

DATA,7.0879,-0.0442,41115,7.0438

DATA,7.1329,0.0870,41139,7.2199

DATA,6.5184,0.0662,41164,6.5846

DATA,5.9214,-0.0799,41188,5.8415

DATA,5.6352,0.0367,41213,5.6719

DATA,5.7643,-0.0439,41238,5.7203

DATA,6.3542,-0.0331,41262,6.3211

DATA,4.7390,-0.0878,41287,4.6513

DATA,3.2495,0.1272,41311,3.3767

DATA,2.0194,0.1186,41336,2.1380

DATA,1.1498,-0.0346,41360,1.1153

DATA,0.5157,-0.0345,41385,0.4812

DATA,0.4046,0.0265,41409,0.4310

DATA,0.3673,-0.0902,41434,0.2771

DATA,0.3381,0.0830,41471,0.4211

DATA,0.3845,0.0007,41495,0.3853

DATA,0.3438,-0.0787,41520,0.2651

DATA,0.2720,0.0268,41545,0.2989

DATA,0.3129,-0.1209,41569,0.1919

DATA,0.5867,0.0806,41594,0.6673

DATA,0.6287,-0.0937,41618,0.5350

DATA,0.9806,-0.0273,41643,0.9532

DATA,1.1055,0.1609,41667,1.2663

DATA,1.7073,0.0186,41692,1.7259

DATA,3.3916,0.1165,41717,3.5081

DATA,3.9161,0.0733,41741,3.9894

DATA,3.7485,0.1214,41766,3.8700

DATA,4.5399,0.0919,41802,4.6318

DATA,5.8214,0.0655,41827,5.8869

DATA,6.3395,0.0582,41852,6.3977

DATA,6.4636,-0.0426,41876,6.4210

DATA,6.7361,-0.0850,41901,6.6511

DATA,6.9483,-0.0408,41925,6.9075

DATA,7.1130,0.2029,41950,7.3159

DATA,6.1641,0.0955,41974,6.2596

DATA,5.9211,0.0687,41999,5.9899

DATA,6.2690,0.0312,42024,6.3002

DATA,6.7940,0.0354,42048,6.8293

DATA,7.5804,0.0623,42073,7.6427

DATA,7.4100,0.0686,42097,7.4786

DATA,5.8904,0.0484,42122,5.9388

DATA,3.2791,-0.0182,42159,3.2609

DATA,1.7422,-0.0953,42183,1.6470

DATA,1.2577,0.0424,42208,1.3001

DATA,1.0470,-0.0302,42232,1.0168

DATA,1.1960,-0.0253,42257,1.1708

DATA,1.8008,0.0081,42281,1.8089

DATA,2.6900,0.0299,42306,2.7199

DATA,3.9584,0.0753,42331,4.0337

DATA,4.5143,-0.0547,42355,4.4596

DATA,3.8482,-0.0639,42380,3.7842

DATA,4.8933,0.1243,42404,5.0176

DATA,6.7094,0.0183,42429,6.7277

DATA,7.9151,-0.0379,42453,7.8772

DATA,7.6201,-0.1346,42490,7.4855

DATA,7.2236,0.0514,42515,7.2751

DATA,7.7124,0.1699,42539,7.8823

DATA,8.0953,0.0031,42564,8.0984

DATA,8.3105,0.0454,42588,8.3559

DATA,8.5868,-0.0313,42613,8.5555

DATA,8.7928,-0.0930,42638,8.6998

DATA,10.4138,-0.0071,42662,10.4067

DATA,10.3579,0.0823,42687,10.4401

DATA,8.2952,-0.0023,42711,8.2929

DATA,5.8825,-0.0006,42736,5.8819

DATA,4.7222,0.0486,42760,4.7708

DATA,4.2151,-0.0109,42785,4.2041

DATA,3.8933,0.0167,42809,3.9100

DATA,4.4369,-0.0574,42846,4.3795

DATA,5.4258,0.0422,42871,5.4679

DATA,5.1852,0.0178,42895,5.2030

DATA,4.9459,-0.0167,42920,4.9291

DATA,4.5579,-0.0749,42945,4.4830

DATA,4.5609,0.0185,42969,4.5794

DATA,4.9707,0.0216,42994,4.9923

DATA,5.5577,-0.0001,43018,5.5577

DATA,6.0683,0.1335,43043,6.2019

DATA,7.0092,0.0795,43067,7.0887

DATA,8.0483,0.1339,43092,8.1822

DATA,9.0716,-0.0366,43117,9.0351

DATA,9.7602,0.0493,43141,9.8094

DATA,10.5079,-0.0271,43166,10.4808

DATA,10.3234,-0.0563,43203,10.2672

DATA,10.0644,0.0114,43227,10.0758

DATA,11.4304,0.0464,43252,11.4768

DATA,12.1177,0.0811,43276,12.1988

DATA,11.6801,0.0476,43301,11.7278

DATA,11.0420,0.0161,43325,11.0581

DATA,10.0701,-0.0702,43350,9.9999

DATA,8.3653,0.0032,43374,8.3685

DATA,6.5763,0.0462,43399,6.6224

DATA,5.3766,0.1164,43424,5.4930

DATA,4.4778,0.0411,43448,4.5189

DATA,2.1037,0.0431,43473,2.1468

DATA,0.4614,-0.0214,43497,0.4400

DATA,0.4070,0.0286,43534,0.4356

DATA,0.3662,0.1426,43559,0.5088

DATA,0.2875,-0.0255,43583,0.2620

DATA,0.2503,-0.1007,43608,0.1496

DATA,0.2120,-0.0252,43632,0.1868

DATA,0.3352,-0.0151,43657,0.3201

DATA,0.2440,0.1021,43681,0.3460

DATA,0.3757,0.1026,43706,0.4783

DATA,0.2503,-0.0103,43731,0.2400

DATA,0.2268,0.0471,43755,0.2739

DATA,0.3606,-0.0831,43780,0.2775

DATA,0.3473,0.0413,43804,0.3885

DATA,0.2778,0.0465,43829,0.3244

DATA,0.2735,0.0648,43853,0.3383

DATA,0.2519,-0.0008,43890,0.2511

DATA,0.1613,0.0023,43915,0.1636

DATA,0.2321,0.0184,43939,0.2505

DATA,0.3258,0.1547,43964,0.4805

DATA,0.2424,0.0618,43988,0.3042

DATA,0.1106,0.0861,44013,0.1967

DATA,0.2512,0.0279,44038,0.2790

DATA,0.2237,-0.0722,44062,0.1515

DATA,0.2705,0.0594,44087,0.3299

DATA,0.2680,-0.0331,44111,0.2349

DATA,0.2262,0.0614,44136,0.2876

DATA,0.1987,0.0100,44160,0.2087

DATA,0.2373,-0.0123,44185,0.2250

DATA,0.3058,-0.0368,44210,0.2690

DATA,0.1033,-0.0009,44246,0.1024

DATA,0.1637,0.0225,44271,0.1863

DATA,0.1516,-0.0135,44296,0.1381

DATA,0.2538,0.0173,44320,0.2711

DATA,0.3378,0.1036,44345,0.4414

DATA,0.0773,-0.0167,44369,0.0605

DATA,0.3110,0.0565,44394,0.3675

DATA,0.2258,0.0938,44418,0.3196

DATA,0.1700,-0.0928,44443,0.0772

DATA,0.2440,-0.0373,44467,0.2067

DATA,0.2102,0.0451,44492,0.2553

DATA,0.1388,-0.0045,44517,0.1344

DATA,0.2222,0.0349,44541,0.2571

DATA,0.1706,0.0263,44578,0.1970

DATA,0.2081,0.0404,44603,0.2485

DATA,0.1083,0.0855,44627,0.1938

DATA,0.1905,-0.0877,44652,0.1027

DATA,0.1949,-0.0838,44676,0.1111

DATA,0.2362,0.0027,44701,0.2390

DATA,0.1632,-0.0225,44725,0.1407

DATA,0.1259,0.0462,44750,0.1721

DATA,0.1606,0.0125,44775,0.1731

DATA,0.1425,0.0482,44799,0.1907

DATA,0.2809,-0.0692,44824,0.2117

DATA,0.1747,-0.0259,44848,0.1488

DATA,0.2259,-0.0396,44873,0.1863

DATA,0.2704,0.1398,44897,0.4103

DATA,0.2758,0.0874,44934,0.3632

DATA,0.1820,0.0826,44959,0.2647
DATA,0.2441,0.0594,44983,0.3035

DATA,0.2086,-0.0182,45008,0.1904

DATA,0.2257,-0.0172,45032,0.2086

DATA,0.2698,-0.0052,45057,0.2646

DATA,0.0497,0.0884,45082,0.1381

DATA,0.2644,-0.0041,45106,0.2603

DATA,0.2148,0.0023,45131,0.2170

DATA,0.3100,-0.0286,45155,0.2814

DATA,0.1653,0.0548,45180,0.2201

DATA,0.1902,0.0013,45204,0.1915

DATA,0.2390,-0.0262,45229,0.2129

DATA,0.2411,-0.1077,45254,0.1335

DATA,0.1998,0.0727,45290,0.2725

DATA,0.2378,0.0395,45315,0.2773

DATA,0.3166,0.0061,45340,0.3226

DATA,0.3171,-0.0465,45364,0.2706

DATA,0.2421,0.0527,45389,0.2948

DATA,0.2400,0.1803,45413,0.4204

DATA,0.2790,0.0433,45438,0.3224

DATA,0.2678,0.0244,45462,0.2922

DATA,0.2963,-0.0030,45487,0.2933

DATA,0.2235,-0.0156,45511,0.2079

DATA,0.2291,0.0626,45536,0.2917

DATA,0.2418,0.0212,45561,0.2630

DATA,0.2870,0.0026,45585,0.2896

DATA,0.2597,-0.1299,45622,0.1298

DATA,0.2353,0.0692,45647,0.3045

DATA,0.2441,-0.0368,45671,0.2073

DATA,0.1616,-0.0296,45696,0.1320

DATA,0.2923,-0.0672,45720,0.2251

DATA,0.3065,-0.0837,45745,0.2228

DATA,0.2553,0.0465,45769,0.3018

DATA,0.2291,0.1213,45794,0.3504

DATA,0.2236,0.1477,45819,0.3714

DATA,0.3040,0.0903,45843,0.3944

DATA,0.2479,-0.0135,45868,0.2344

DATA,0.3580,0.0347,45892,0.3927

DATA,0.2237,0.0831,45917,0.3068

DATA,0.3394,-0.0557,45941,0.2837

DATA,0.2784,0.0776,45978,0.3560

DATA,0.2190,0.0366,46003,0.2556

DATA,0.2843,0.0051,46027,0.2893

DATA,0.2583,0.0519,46052,0.3103

DATA,0.3090,-0.0419,46076,0.2670

DATA,0.3291,-0.0142,46101,0.3149

DATA,0.2730,0.0478,46126,0.3209

DATA,0.2523,0.1152,46150,0.3674

DATA,0.3296,-0.0079,46175,0.3217

DATA,0.2273,0.1007,46199,0.3280

DATA,0.2125,0.0129,46224,0.2255

DATA,0.3108,0.0634,46248,0.3742

DATA,0.1879,-0.0022,46273,0.1857

DATA,0.3042,0.1706,46310,0.4748

DATA,0.3224,-0.0362,46334,0.2862

DATA,0.2699,-0.0533,46359,0.2166

DATA,0.2278,-0.1417,46383,0.0861

DATA,0.4005,0.0378,46408,0.4384

DATA,0.3575,-0.1042,46433,0.2533

DATA,0.3280,0.1168,46457,0.4448

DATA,0.3030,-0.0016,46482,0.3014

DATA,0.2701,0.0942,46506,0.3642

DATA,0.3108,-0.0483,46531,0.2625

DATA,0.3740,-0.0153,46555,0.3587

DATA,0.2280,0.1148,46580,0.3428

DATA,0.2857,-0.0368,46605,0.2490

DATA,0.4222,0.0036,46629,0.4259

DATA,0.3255,-0.1245,46666,0.2010

DATA,0.3425,0.0912,46690,0.4336

DATA,0.4195,0.0060,46715,0.4255

DATA,0.2632,-0.0459,46740,0.2173

DATA,0.4269,0.1387,46764,0.5657

DATA,0.3216,0.0560,46789,0.3776

DATA,0.3179,0.1332,46813,0.4511

DATA,0.3400,-0.0340,46838,0.3060

DATA,0.3448,0.0082,46862,0.3530

DATA,0.2394,-0.0481,46887,0.1914

DATA,0.2896,0.0706,46912,0.3601

DATA,0.2216,-0.0616,46936,0.1600

DATA,0.4804,-0.0176,46961,0.4628

DATA,0.3840,0.0985,46985,0.4825

DATA,0.2309,0.0927,47022,0.3237

DATA,0.3206,0.1012,47047,0.4218

DATA,0.3423,0.0192,47071,0.3615

DATA,0.2961,0.0074,47096,0.3035

DATA,0.3189,0.1112,47120,0.4301

DATA,0.4511,0.0383,47145,0.4894

DATA,0.3000,0.1097,47169,0.4097

DATA,0.4169,-0.0566,47194,0.3603

DATA,0.3628,0.1409,47219,0.5037

DATA,0.3003,-0.0751,47243,0.2252

DATA,0.3579,0.0847,47268,0.4426

DATA,0.3934,-0.1010,47292,0.2924

DATA,0.2967,0.0414,47317,0.3381

DATA,0.2684,0.0011,47354,0.2694

DATA,0.3799,0.0053,47378,0.3852

DATA,0.3724,-0.0005,47403,0.3719

DATA,0.3872,-0.0003,47427,0.3869

DATA,0.2978,-0.0716,47452,0.2262

DATA,0.2399,0.1154,47476,0.3553

DATA,0.3009,0.0397,47501,0.3406

DATA,0.3199,0.0866,47526,0.4065

DATA,0.2862,-0.0170,47550,0.2692

DATA,0.3644,0.0757,47575,0.4401

DATA,0.2338,0.0409,47599,0.2748

DATA,0.4187,0.1326,47624,0.5513

DATA,0.3578,-0.0261,47648,0.3317

DATA,0.2590,0.0258,47673,0.2848

DATA,0.3704,0.0136,47710,0.3840

DATA,0.3537,0.0416,47734,0.3952

DATA,0.2905,0.1350,47759,0.4255

DATA,0.3210,-0.0444,47783,0.2766

DATA,0.3203,-0.0519,47808,0.2684

DATA,0.4073,-0.0335,47833,0.3739

DATA,0.2769,-0.0679,47857,0.2090
DATA,0.3716,0.1085,47882,0.4801

DATA,0.3740,0.0460,47906,0.4200

DATA,0.2893,-0.0389,47931,0.2503

DATA,0.3387,0.1039,47955,0.4427

DATA,0.3632,-0.0471,47980,0.3161

DATA,0.3244,-0.0025,48004,0.3219

DATA,0.3752,0.0096,48041,0.3848

DATA,0.3897,-0.0442,48066,0.3456

DATA,0.3232,0.0840,48090,0.4072

DATA,0.2066,0.0275,48115,0.2341

DATA,0.3268,0.0969,48140,0.4238

DATA,0.2833,-0.1212,48164,0.1621

DATA,0.2146,0.0992,48189,0.3138

DATA,0.2485,0.0052,48213,0.2536

DATA,0.2709,-0.0652,48238,0.2057

DATA,0.3386,0.0451,48262,0.3836

DATA,0.1577,0.1338,48287,0.2914

DATA,0.2045,0.1150,48311,0.3195

DATA,0.2996,-0.0197,48336,0.2799

DATA,0.1941,0.0554,48361,0.2496

DATA,0.3476,-0.0253,48397,0.3224

DATA,0.3549,0.0792,48422,0.4341

DATA,0.3720,-0.0178,48447,0.3541

DATA,0.2774,0.0043,48471,0.2817

DATA,0.2486,0.0541,48496,0.3026

DATA,0.2877,-0.0305,48520,0.2573

DATA,0.4347,0.0611,48545,0.4958

DATA,0.2837,0.0151,48569,0.2988

DATA,0.2789,0.0389,48594,0.3179

DATA,0.2735,0.0591,48618,0.3325
DATA,0.2315,-0.0408,48643,0.1907

DATA,0.2662,-0.0518,48668,0.2144
DATA,0.1958,-0.0712,48692,0.1246

DATA,0.2852,0.0060,48729,0.2912

DATA,0.2341,0.0007,48754,0.2348

DATA,0.3820,0.0391,48778,0.4211
DATA,0.2367,0.0250,48803,0.2617

DATA,0.2949,-0.0121,48827,0.2828

DATA,0.1722,-0.0183,48852,0.1539

DATA,0.2192,0.0147,48876,0.2339

DATA,0.1999,-0.0879,48901,0.1121

DATA,0.3077,0.1235,48925,0.4312

DATA,0.2680,0.0723,48950,0.3403
DATA,0.1916,0.0283,48975,0.2198

DATA,0.3506,0.0875,48999,0.4381

DATA,0.1757,0.0417,49024,0.2174

DATA,0.4840,-0.0001,49048,0.4839

DATA,0.2387,0.0235,49085,0.2622

DATA,0.2352,0.1332,49110,0.3684

DATA,0.2843,0.0517,49134,0.3360
DATA,0.2983,0.0110,49159,0.3093

DATA,0.3037,-0.0467,49183,0.2570
DATA,0.2346,0.0646,49208,0.2992

DATA,0.1955,0.1415,49232,0.3370

DATA,0.2535,0.0661,49257,0.3195

DATA,0.2555,-0.0364,49282,0.2191

DATA,0.3129,-0.0540,49306,0.2589

DATA,0.2586,0.0686,49331,0.3272

DATA,0.2537,0.0101,49355,0.2637

DATA,0.2894,0.0173,49380,0.3067

DATA,0.2706,0.0271,49404,0.2978

DATA,0.2305,-0.0079,49441,0.2226

DATA,0.2194,0.0872,49466,0.3066

DATA,0.2135,0.0897,49490,0.3032

DATA,0.3190,-0.0135,49515,0.3054

DATA,0.3362,0.1496,49540,0.4858

DATA,0.2883,0.0248,49564,0.3131

DATA,0.2629,0.0367,49589,0.2996

DATA,0.1847,-0.0907,49613,0.0940

DATA,0.3632,-0.0047,49638,0.3585

DATA,0.3505,-0.0414,49662,0.3091

DATA,0.2859,-0.0203,49687,0.2656

DATA,0.2875,-0.0838,49711,0.2037

DATA,0.2458,-0.0868,49736,0.1590

DATA,0.3426,0.0258,49773,0.3685

DATA,0.2955,0.0874,49797,0.3829

DATA,0.3031,0.0174,49822,0.3205

DATA,0.1854,0.0190,49847,0.2044

DATA,0.1777,0.0288,49871,0.2065

DATA,0.2994,0.0263,49896,0.3256

DATA,0.3411,0.0275,49920,0.3686

DATA,0.2298,0.0679,49945,0.2978

DATA,0.2791,0.0986,49969,0.3777

DATA,0.2344,0.0645,49994,0.2990

DATA,0.3335,0.0787,50018,0.4122

DATA,0.3408,0.0168,50043,0.3576

DATA,0.2548,0.0597,50068,0.3145

DATA,0.2718,-0.0112,50092,0.2605

DATA,0.1890,0.0218,50129,0.2108

DATA,0.2770,-0.0288,50154,0.2481

DATA,0.3079,-0.0781,50178,0.2298

DATA,0.3091,-0.0253,50203,0.2838

DATA,0.2385,0.0912,50227,0.3297

DATA,0.3205,0.0464,50252,0.3669

DATA,0.2758,0.1149,50276,0.3907

DATA,0.0893,0.0260,50301,0.1153
DATA,0.1961,0.0284,50325,0.2245

DATA,0.3328,0.1343,50350,0.4671

DATA,0.3900,-0.0023,50375,0.3877

DATA,0.3017,-0.0022,50399,0.2996

DATA,0.3596,0.0529,50424,0.4126

DATA,0.2338,0.0055,50461,0.2393

DATA,0.3485,0.0258,50485,0.3743

DATA,0.2302,0.0336,50510,0.2638

DATA,0.2317,0.0013,50534,0.2330
DATA,0.1937,0.0407,50559,0.2344

DATA,0.2941,-0.1443,50583,0.1498

DATA,0.2218,-0.0893,50608,0.1325

DATA,0.3395,0.0389,50633,0.3785

DATA,0.1865,0.0349,50657,0.2214

DATA,0.3499,-0.1353,50682,0.2146

DATA,0.2788,0.0399,50706,0.3187

DATA,0.2980,-0.0445,50731,0.2535

DATA,0.1942,-0.0249,50755,0.1693

DATA,0.2865,-0.1729,50780,0.1136

DATA,0.1750,-0.0431,50817,0.1319
DATA,0.2737,0.0002,50841,0.2740

DATA,0.2763,-0.0816,50866,0.1946
DATA,0.2151,-0.0201,50890,0.1950

DATA,0.3231,0.0145,50915,0.3375

DATA,0.2460,0.0895,50940,0.3354

DATA,0.3459,0.0118,50964,0.3577

DATA,0.3383,0.0142,50989,0.3524

DATA,0.2448,-0.0206,51013,0.2241

DATA,0.3951,-0.0749,51038,0.3202

DATA,0.2365,-0.0001,51062,0.2364

DATA,0.2842,0.0284,51087,0.3126

DATA,0.1927,0.1187,51111,0.3113

DATA,0.2945,-0.0029,51148,0.2915

DATA,0.2093,0.0977,51173,0.3070

DATA,0.2579,-0.0055,51197,0.2523
DATA,0.2493,0.0723,51222,0.3215

DATA,0.3315,0.1212,51247,0.4527

DATA,0.2858,-0.0493,51271,0.2366

DATA,0.2222,0.0246,51296,0.2468
DATA,0.2639,0.0139,51320,0.2779

DATA,0.3436,0.0420,51345,0.3856

DATA,0.2197,0.1135,51369,0.3332

DATA,0.2839,-0.0143,51394,0.2696

DATA,0.2439,0.0664,51418,0.3103
DATA,0.2950,0.0838,51443,0.3788

DATA,0.2024,0.0140,51468,0.2164

DATA,0.3111,-0.0211,51504,0.2900

DATA,0.2157,-0.0457,51529,0.1699

DATA,0.3167,-0.0745,51554,0.2422
DATA,0.2733,-0.0775,51578,0.1958

DATA,0.2059,-0.0646,51603,0.1413

DATA,0.2829,0.0218,51627,0.3047

DATA,0.2676,0.0624,51652,0.3300

DATA,0.3280,0.0067,51676,0.3347
DATA,0.2688,0.0781,51701,0.3469

DATA,0.2314,0.0772,51725,0.3086

DATA,0.3303,0.0970,51750,0.4273

DATA,0.4188,-0.0786,51775,0.3401

DATA,0.2559,0.0895,51799,0.3454
DATA,0.2526,-0.0965,51824,0.1561

DATA,0.2920,0.2046,51861,0.4966

DATA,0.2265,0.0954,51885,0.3219

DATA,0.2467,-0.0705,51910,0.1762
DATA,0.2731,0.0461,51934,0.3192

DATA,0.2943,0.1145,51959,0.4088

DATA,0.2791,-0.0123,51983,0.2668

DATA,0.1852,0.0591,52008,0.2443
DATA,0.3409,-0.0366,52032,0.3044

DATA,0.3201,0.0004,52057,0.3205

DATA,0.2365,0.1381,52082,0.3746

DATA,0.3424,-0.0394,52106,0.3030

DATA,0.3009,0.1161,52131,0.4170
DATA,0.2599,0.0085,52155,0.2683

DATA,0.2895,0.0088,52192,0.2983
DATA,0.3179,0.1021,52217,0.4200

DATA,0.3648,-0.0059,52241,0.3589

DATA,0.3598,0.0962,52266,0.4560

DATA,0.2628,0.1143,52290,0.3771

DATA,0.2854,0.0776,52315,0.3630

DATA,0.4410,-0.0612,52339,0.3798

DATA,0.3190,0.0417,52364,0.3607

DATA,0.3215,-0.0770,52389,0.2445

DATA,0.3346,-0.0129,52413,0.3217

DATA,0.2889,-0.1750,52438,0.1139
DATA,0.3381,-0.0022,52462,0.3358

DATA,0.2660,-0.0202,52487,0.2459

DATA,0.3570,-0.0506,52511,0.3064

DATA,0.3180,0.0343,52548,0.3523

DATA,0.4023,-0.0477,52573,0.3546

DATA,0.3166,0.0469,52597,0.3635

DATA,0.3565,0.0868,52622,0.4433
DATA,0.3063,0.0631,52646,0.3694

DATA,0.3495,0.0758,52671,0.4253
DATA,0.3213,-0.1354,52696,0.1860

DATA,0.2450,0.0723,52720,0.3172
DATA,0.3530,-0.0971,52745,0.2559

DATA,0.4150,0.0025,52769,0.4175
DATA,0.2477,-0.0036,52794,0.2441

DATA,0.2251,-0.0325,52818,0.1926
DATA,0.2972,0.0883,52843,0.3855

DATA,0.3988,-0.0047,52880,0.3941

DATA,0.3790,0.0297,52904,0.4087
DATA,0.3146,0.1611,52929,0.4757

DATA,0.2721,0.1275,52953,0.3995

DATA,0.2433,0.0341,52978,0.2774

DATA,0.2806,0.0039,53003,0.2845
DATA,0.2986,-0.1329,53027,0.1657

DATA,0.2858,0.0495,53052,0.3353

DATA,0.3909,-0.0122,53076,0.3788

DATA,0.3219,0.0579,53101,0.3798

DATA,0.3757,0.0553,53125,0.4310
DATA,0.3103,0.0351,53150,0.3453

DATA,0.3242,-0.0331,53175,0.2911

DATA,0.2656,-0.0234,53199,0.2422

DATA,0.3764,-0.0454,53236,0.3309

DATA,0.4287,0.0541,53260,0.4828

DATA,0.3396,0.0328,53285,0.3724
DATA,0.2645,0.0012,53310,0.2657

DATA,0.3436,0.0491,53334,0.3927

DATA,0.2045,-0.0432,53359,0.1613

DATA,0.3460,0.0907,53383,0.4367
DATA,0.2998,0.0104,53408,0.3103

DATA,0.2655,-0.0429,53432,0.2226

DATA,0.3037,-0.0068,53457,0.2968

DATA,0.4061,-0.0827,53482,0.3233

DATA,0.3392,0.0203,53506,0.3595
DATA,0.3308,0.1512,53531,0.4820

DATA,0.3352,0.0560,53555,0.3912

DATA,0.4084,0.0291,53592,0.4375

DATA,0.3574,0.0819,53617,0.4393

DATA,0.2899,0.0004,53641,0.2903

DATA,0.2672,-0.0825,53666,0.1847
DATA,0.3143,-0.1514,53690,0.1629

DATA,0.3571,0.1002,53715,0.4573

DATA,0.2884,0.1080,53739,0.3964

DATA,0.4049,-0.0028,53764,0.4021
DATA,0.4064,0.0379,53789,0.4443

DATA,0.3261,0.1075,53813,0.4336

DATA,0.2844,-0.0817,53838,0.2027

DATA,0.3534,0.0686,53862,0.4220
DATA,0.3172,0.0599,53887,0.3771

DATA,0.3029,0.0243,53924,0.3272
DATA,0.3373,-0.0055,53948,0.3318

DATA,0.3522,-0.0134,53973,0.3388

DATA,0.2035,0.0313,53997,0.2347

DATA,0.2984,-0.0493,54022,0.2492
DATA,0.2873,-0.0329,54046,0.2544

DATA,0.2235,0.0234,54071,0.2469
DATA,0.3578,-0.0293,54095,0.3285

DATA,0.3059,0.0732,54120,0.3791
DATA,0.2665,0.0513,54145,0.3177

DATA,0.2849,0.0328,54169,0.3177
DATA,0.1983,0.2036,54194,0.4019
DATA,0.2699,-0.0056,54218,0.2643

DATA,0.2451,-0.0267,54243,0.2184
DATA,0.3449,0.0091,54280,0.3540

DATA,0.3266,-0.0067,54304,0.3199

DATA,0.2965,-0.0411,54329,0.2554

DATA,0.2050,-0.0111,54353,0.1939
DATA,0.2843,0.1328,54378,0.4171

DATA,0.2879,0.1215,54402,0.4094

DATA,0.3190,0.1141,54427,0.4331
DATA,0.3204,-0.0165,54452,0.3040

DATA,0.2368,-0.0031,54476,0.2337

DATA,0.2664,0.1135,54501,0.3799

DATA,0.2515,0.0223,54525,0.2738

DATA,0.2529,-0.0031,54550,0.2499
DATA,0.3563,-0.0439,54574,0.3124

DATA,0.3293,0.0105,54611,0.3398

DATA,0.2774,0.0106,54636,0.2879
DATA,0.2462,-0.0476,54660,0.1985

DATA,0.3062,0.0434,54685,0.3496
DATA,0.3175,0.0568,54709,0.3743

DATA,0.3425,-0.1482,54734,0.1942

DATA,0.3960,-0.0032,54759,0.3928
DATA,0.3672,0.0342,54783,0.4014

DATA,0.3123,0.0276,54808,0.3399

DATA,0.2755,0.0060,54832,0.2815
DATA,0.2246,0.0419,54857,0.2665

DATA,0.2539,-0.0821,54881,0.1718

DATA,0.2367,0.0672,54906,0.3039
DATA,0.3280,0.1068,54930,0.4349

DATA,0.2429,-0.1200,54967,0.1229

DATA,0.3963,0.0829,54992,0.4792

DATA,0.3517,-0.0094,55016,0.3423
DATA,0.3156,0.0096,55041,0.3251

DATA,0.3280,0.0507,55066,0.3787
DATA,0.3759,0.0560,55090,0.4319

DATA,0.3139,-0.0285,55115,0.2854
DATA,0.3581,0.0148,55139,0.3729

DATA,0.4109,-0.0439,55164,0.3670

DATA,0.1105,0.0835,55188,0.1941

DATA,0.3126,0.0183,55213,0.3309

DATA,0.2814,0.1104,55237,0.3918
DATA,0.3729,0.0803,55262,0.4532

DATA,0.2668,0.1297,55299,0.3966

DATA,0.2012,0.0080,55323,0.2092

DATA,0.2881,-0.0239,55348,0.2642

DATA,0.3680,0.0241,55373,0.3921

DATA,0.2395,0.0897,55397,0.3292

DATA,0.3600,0.0728,55422,0.4328

DATA,0.2819,0.1797,55446,0.4616

DATA,0.3067,-0.0148,55471,0.2919

DATA,0.2886,0.0395,55495,0.3281

DATA,0.2263,-0.0837,55520,0.1426

DATA,0.3149,0.0101,55544,0.3250

DATA,0.4260,0.0547,55569,0.4808

DATA,0.3561,0.0149,55594,0.3711

DATA,0.3309,0.0558,55618,0.3868

DATA,0.4043,0.0457,55655,0.4500

DATA,0.2931,-0.0132,55680,0.2799

DATA,0.2534,-0.0435,55704,0.2099

DATA,0.1811,-0.0014,55729,0.1798

DATA,0.2612,0.0192,55753,0.2804

DATA,0.3937,-0.0062,55778,0.3874

DATA,0.3405,0.0677,55802,0.4082

DATA,0.3135,0.0269,55827,0.3404

DATA,0.2857,0.1131,55851,0.3988
DATA,0.3727,-0.0280,55876,0.3447

DATA,0.2247,0.0644,55901,0.2892

DATA,0.2690,-0.0002,55925,0.2688

DATA,0.3198,0.0064,55950,0.3261

DATA,0.2817,0.0829,55987,0.3646

DATA,0.3781,-0.0057,56011,0.3725

DATA,0.3012,0.0756,56036,0.3767

DATA,0.3301,0.0118,56060,0.3419
DATA,0.3160,0.0806,56085,0.3967

DATA,0.2733,0.0036,56109,0.2768

DATA,0.1470,0.0735,56134,0.2205

DATA,0.2829,0.0589,56158,0.3419

DATA,0.3203,-0.0179,56183,0.3024
DATA,0.3377,0.0065,56208,0.3442

DATA,0.2617,0.0187,56232,0.2804

DATA,0.3202,0.1274,56257,0.4477

DATA,0.2678,-0.0439,56281,0.2239

DATA,0.2885,0.0084,56306,0.2968

DATA,0.2820,-0.0319,56343,0.2501

DATA,0.2251,0.2099,56367,0.4350

DATA,0.3900,-0.1499,56392,0.2401

DATA,0.1498,0.1393,56416,0.2891

DATA,0.2910,-0.0596,56441,0.2315

DATA,0.2678,0.0445,56465,0.3123

DATA,0.2586,0.0382,56490,0.2969

DATA,0.2798,-0.0173,56515,0.2625

DATA,0.3201,0.1483,56539,0.4684

DATA,0.2405,0.1185,56564,0.3589

DATA,0.3055,0.1355,56588,0.4410

DATA,0.1990,0.0318,56613,0.2308

DATA,0.2361,0.0161,56637,0.2522

DATA,0.2209,0.0122,56662,0.2331

DATA,0.2769,0.0859,56699,0.3628

DATA,0.2499,0.0042,56723,0.2541

DATA,0.2920,0.0943,56748,0.3863

DATA,0.1779,-0.0472,56772,0.1307

DATA,0.2591,0.0213,56797,0.2804

DATA,0.3004,0.0961,56822,0.3964

DATA,0.2911,0.0236,56846,0.3147

DATA,0.2228,0.0101,56871,0.2329

DATA,0.3321,-0.0230,56895,0.3091

DATA,0.3481,-0.1398,56920,0.2083

DATA,0.3392,0.0352,56944,0.3743

DATA,0.3029,0.0298,56969,0.3327

DATA,0.3250,-0.0851,56993,0.2399

DATA,0.2977,0.0006,57030,0.2983

DATA,0.2169,-0.0103,57055,0.2067

DATA,0.2108,0.1503,57079,0.3612

DATA,0.3303,0.0798,57104,0.4101

DATA,0.1659,-0.0847,57129,0.0811

DATA,0.2019,0.0120,57153,0.2139

DATA,0.2958,-0.0506,57178,0.2452

DATA,0.3404,-0.0718,57202,0.2685

DATA,0.2735,0.1530,57227,0.4265

DATA,0.2431,-0.0561,57251,0.1871

DATA,0.2912,-0.0138,57276,0.2774

DATA,0.2118,0.0153,57300,0.2271

DATA,0.3098,0.0413,57325,0.3511

DATA,0.3564,0.0972,57350,0.4536

DATA,0.2182,-0.0070,57386,0.2112

DATA,0.2875,0.0765,57411,0.3640

DATA,0.2954,0.0537,57436,0.3492

DATA,0.2200,-0.0448,57460,0.1752

DATA,0.2654,0.0078,57485,0.2732

DATA,0.2025,-0.0168,57509,0.1857

DATA,0.2426,0.0495,57534,0.2921

DATA,0.3212,0.1334,57558,0.4545

DATA,0.3276,-0.1108,57583,0.2168

DATA,0.2176,0.0519,57607,0.2695

DATA,0.3248,0.0260,57632,0.3508

DATA,0.1513,-0.0951,57657,0.0563

DATA,0.2278,0.0787,57681,0.3066

DATA,0.2643,0.1371,57718,0.4014
DATA,0.2953,0.0469,57743,0.3422

DATA,0.2068,0.0155,57767,0.2223

DATA,0.2704,0.0572,57792,0.3277
DATA,0.1958,0.1606,57816,0.3563

DATA,0.2293,0.0142,57841,0.2435

DATA,0.3673,-0.0612,57865,0.3061

DATA,0.2929,0.0414,57890,0.3343

DATA,0.2611,0.1688,57915,0.4299
DATA,0.2825,0.1083,57939,0.3909

DATA,0.2556,0.0288,57964,0.2844

DATA,0.2393,0.1313,57988,0.3706
DATA,0.2822,0.0116,58013,0.2938

DATA,0.2735,0.0743,58037,0.3478
DATA,0.3557,-0.0489,58074,0.3068

DATA,0.3078,0.0965,58099,0.4043
DATA,0.1812,0.0181,58123,0.1993
DATA,0.2288,-0.0602,58148,0.1686

DATA,0.3439,-0.0130,58172,0.3309
DATA,0.2160,-0.0034,58197,0.2126

DATA,0.2276,0.0319,58222,0.2595

DATA,0.2372,0.0707,58246,0.3079

DATA,0.3170,0.0597,58271,0.3767
DATA,0.3800,0.0716,58295,0.4516

DATA,0.2814,0.0458,58320,0.3272

DATA,0.3573,0.0745,58344,0.4318

DATA,0.2870,0.0678,58369,0.3548
DATA,0.3292,0.0675,58406,0.3968

DATA,0.2376,0.0574,58430,0.2950
DATA,0.1833,0.0381,58455,0.2214

DATA,0.2639,0.0703,58479,0.3343
DATA,0.2744,-0.0245,58504,0.2499

DATA,0.3344,-0.0547,58529,0.2796

DATA,0.2451,-0.0858,58553,0.1593
DATA,0.1864,0.0002,58578,0.1866

DATA,0.3214,-0.0097,58602,0.3117

DATA,0.3334,0.0158,58627,0.3492

DATA,0.2855,-0.0699,58651,0.2155
DATA,0.2509,-0.0434,58676,0.2076

DATA,0.1953,0.0227,58701,0.2181
DATA,0.3455,0.0478,58725,0.3933

DATA,0.2799,0.0384,58762,0.3183

DATA,0.3092,0.0929,58786,0.4021
DATA,0.2519,0.0005,58811,0.2524

DATA,0.1940,0.0767,58836,0.2708

DATA,0.3594,0.0676,58860,0.4270

DATA,0.1895,-0.0487,58885,0.1408
DATA,0.3419,-0.0902,58909,0.2517

DATA,0.2345,0.0426,58934,0.2771

DATA,0.3106,0.0818,58958,0.3924

DATA,0.3569,-0.0095,58983,0.3473
DATA,0.2957,0.1403,59008,0.4360

DATA,0.3078,0.0982,59032,0.4059

DATA,0.3505,-0.0132,59057,0.3373
DATA,0.2510,0.0121,59081,0.2631

DATA,0.3171,0.0196,59118,0.3368
DATA,0.2619,0.0223,59143,0.2842

DATA,0.4020,-0.0397,59167,0.3623
DATA,0.3041,0.0559,59192,0.3600
DATA,0.1919,0.1228,59216,0.3147
DATA,0.3129,0.0689,59241,0.3818

DATA,0.3989,0.0257,59265,0.4246

DATA,0.3414,0.0304,59290,0.3718
DATA,0.3186,0.0076,59315,0.3262

DATA,0.2582,-0.0134,59339,0.2448

DATA,0.4615,-0.0148,59364,0.4467
DATA,0.2621,0.0324,59388,0.2945

DATA,0.3876,0.0877,59413,0.4753

DATA,0.3669,-0.0416,59450,0.3252

DATA,0.2719,0.0523,59474,0.3242
DATA,0.3472,0.0368,59499,0.3840

DATA,0.2780,0.0857,59523,0.3637
DATA,0.3924,0.0152,59548,0.4076

DATA,0.2332,0.0576,59572,0.2908

DATA,0.3572,-0.0127,59597,0.3445
DATA,0.3106,-0.0535,59622,0.2571

DATA,0.2876,-0.0117,59646,0.2759

DATA,0.3719,-0.1081,59671,0.2638
DATA,0.3053,-0.0213,59695,0.2840

DATA,0.3139,0.0994,59720,0.4133
DATA,0.2721,-0.0095,59744,0.2625

DATA,0.2504,0.0159,59769,0.2663

DATA,0.1824,0.0324,59806,0.2149
DATA,0.3485,-0.0588,59830,0.2897

DATA,0.3073,-0.1259,59855,0.1814

DATA,0.3655,-0.1017,59879,0.2637

DATA,0.3479,-0.0733,59904,0.2745
DATA,0.3898,-0.1088,59929,0.2810

DATA,0.2622,0.0442,59953,0.3064
DATA,0.2314,0.1732,59978,0.4046

DATA,0.3595,-0.0787,60002,0.2809

DATA,0.3299,0.0084,60027,0.3382
DATA,0.3126,0.0682,60051,0.3807

DATA,0.2257,0.0932,60076,0.3189
DATA,0.3123,0.0666,60100,0.3789

DATA,0.3304,0.1618,60137,0.4922

DATA,0.2210,-0.0353,60162,0.1857
DATA,0.2241,-0.0163,60186,0.2078

DATA,0.3245,-0.0327,60211,0.2918
DATA,0.3247,-0.0358,60236,0.2889

DATA,0.3633,-0.0108,60260,0.3524

DATA,0.3080,0.0508,60285,0.3588
DATA,0.3339,-0.0619,60309,0.2720

DATA,0.2877,0.0584,60334,0.3461
DATA,0.2162,0.0227,60358,0.2389

DATA,0.3121,-0.0673,60383,0.2447

DATA,0.3453,0.0363,60407,0.3816
DATA,0.3340,-0.1122,60432,0.2218

DATA,0.3541,-0.0375,60457,0.3166

DATA,0.2962,0.0751,60493,0.3713

DATA,0.3686,0.0307,60518,0.3993
DATA,0.3454,0.0332,60543,0.3787

DATA,0.2900,-0.0727,60567,0.2173

DATA,0.3757,0.0955,60592,0.4712
DATA,0.2366,-0.0433,60616,0.1933

DATA,0.3576,-0.0484,60641,0.3092
DATA,0.3890,0.0826,60665,0.4716

DATA,0.2707,0.0063,60690,0.2770
DATA,0.3643,-0.0153,60714,0.3490

DATA,0.3487,0.0721,60739,0.4207

DATA,0.3166,-0.0421,60764,0.2746

DATA,0.3528,-0.1147,60788,0.2380

DATA,0.3741,0.1024,60825,0.4764

DATA,0.2881,0.0952,60850,0.3833

DATA,0.3948,-0.0039,60874,0.3908
DATA,0.4159,0.0141,60899,0.4299

DATA,0.3276,-0.0412,60923,0.2865

DATA,0.3548,-0.0055,60948,0.3493

DATA,0.2419,-0.0509,60972,0.1910

DATA,0.3597,0.0963,60997,0.4560

DATA,0.2637,0.0363,61022,0.3000
DATA,0.3748,0.0782,61046,0.4529

DATA,0.2851,-0.1028,61071,0.1823

DATA,0.4080,0.0871,61095,0.4951
DATA,0.2763,0.0294,61120,0.3057

DATA,0.4178,-0.0131,61144,0.4048

DATA,0.2549,0.0243,61181,0.2791

DATA,0.3118,0.0035,61206,0.3153
DATA,0.3094,0.0585,61230,0.3679

DATA,0.3673,-0.0122,61255,0.3551

DATA,0.3094,0.1105,61279,0.4199

DATA,0.3266,-0.0378,61304,0.2888
DATA,0.3063,0.0363,61329,0.3426

DATA,0.2335,0.0293,61353,0.2629

DATA,0.3049,0.0541,61378,0.3589
DATA,0.3526,-0.0575,61402,0.2950

DATA,0.3897,0.0015,61427,0.3911

DATA,0.3003,0.0634,61451,0.3637

DATA,0.3956,-0.0026,61476,0.3931
DATA,0.3079,0.0249,61500,0.3328

DATA,0.3426,0.0682,61537,0.4107
DATA,0.2991,-0.0487,61562,0.2504

DATA,0.2984,0.0442,61586,0.3425

DATA,0.2199,-0.0697,61611,0.1501

DATA,0.4378,-0.1307,61636,0.3072
DATA,0.4203,0.1277,61660,0.5480

DATA,0.3378,-0.0090,61685,0.3288

DATA,0.3413,-0.0647,61709,0.2766

DATA,0.3921,0.0091,61734,0.4012
DATA,0.3400,0.1443,61758,0.4843

DATA,0.3662,0.0058,61783,0.3720

DATA,0.3306,0.0473,61807,0.3778

DATA,0.4590,0.0144,61832,0.4734

DATA,0.4982,0.0136,61869,0.5118
DATA,0.3821,-0.0276,61893,0.3545

DATA,0.2461,0.0953,61918,0.3414

DATA,0.4368,0.0591,61943,0.4959
DATA,0.3421,-0.0163,61967,0.3258

DATA,0.4431,-0.0267,61992,0.4164

DATA,0.3591,0.0465,62016,0.4056
DATA,0.4537,0.0426,62041,0.4962

DATA,0.3574,0.0018,62065,0.3593

DATA,0.2965,0.0522,62090,0.3487

DATA,0.3354,0.1028,62114,0.4382

DATA,0.3886,-0.0009,62139,0.3877

DATA,0.3726,-0.0352,62164,0.3374
DATA,0.4334,0.1722,62188,0.6056

DATA,0.3597,0.0211,62225,0.3807

DATA,0.4179,-0.0399,62250,0.3779

DATA,0.4248,0.0307,62274,0.4555

DATA,0.4485,0.0406,62299,0.4891
DATA,0.5172,-0.0586,62323,0.4586

DATA,0.3823,-0.0591,62348,0.3233

DATA,0.3678,-0.0250,62372,0.3428
DATA,0.3797,0.0112,62397,0.3908

DATA,0.4926,-0.0233,62421,0.4693

DATA,0.4431,0.1876,62446,0.6307

DATA,0.3649,0.0177,62471,0.3826
DATA,0.3828,-0.0044,62495,0.3784

DATA,0.5116,-0.0541,62520,0.4575

DATA,0.4448,0.0382,62557,0.4830

DATA,0.5171,0.0908,62581,0.6079

DATA,0.4479,-0.0035,62606,0.4443
DATA,0.4618,-0.0898,62630,0.3721

DATA,0.5166,0.0055,62655,0.5221

DATA,0.4290,0.0185,62679,0.4476
DATA,0.4282,0.1242,62704,0.5524

DATA,0.4739,0.1031,62729,0.5770

DATA,0.4454,0.0951,62753,0.5405

DATA,0.3969,0.1322,62778,0.5291
DATA,0.5295,-0.0005,62802,0.5290

DATA,0.5055,0.0104,62827,0.5159

DATA,0.4295,0.1861,62851,0.6156
DATA,0.6085,0.0169,62876,0.6254

DATA,0.5238,0.1414,62913,0.6652

DATA,0.3832,0.0521,62937,0.4353

DATA,0.4414,0.1422,62962,0.5835
DATA,0.4111,-0.0585,62986,0.3526

DATA,0.5116,0.0611,63011,0.5727

DATA,0.4780,0.0710,63036,0.5490

DATA,0.5245,-0.0077,63060,0.5167

DATA,0.5140,0.0859,63085,0.5999
DATA,0.5279,0.0394,63109,0.5674

DATA,0.5001,-0.0035,63134,0.4966
DATA,0.4345,0.0528,63158,0.4873

DATA,0.4964,-0.1039,63183,0.3925

DATA,0.5295,0.0144,63207,0.5438

DATA,0.4448,0.0689,63244,0.5137

DATA,0.4947,0.0392,63269,0.5338

DATA,0.3647,-0.0811,63293,0.2836
DATA,0.4007,-0.0139,63318,0.3868

DATA,0.4659,-0.0168,63343,0.4490

DATA,0.4569,0.0745,63367,0.5314
DATA,0.4631,-0.1581,63392,0.3050

DATA,0.4900,0.0914,63416,0.5814

DATA,0.3849,0.0571,63441,0.4420
DATA,0.4333,0.0284,63465,0.4618

DATA,0.4987,0.0325,63490,0.5312
DATA,0.4813,0.0354,63515,0.5167

DATA,0.4093,0.0242,63539,0.4335

DATA,0.3881,-0.0312,63564,0.3569

DATA,0.4693,0.0363,63600,0.5056

DATA,0.4274,0.0507,63625,0.4781
DATA,0.5782,-0.0432,63650,0.5350

DATA,0.4125,0.0729,63674,0.4854

DATA,0.4280,-0.0095,63699,0.4186
DATA,0.4521,0.0152,63723,0.4673

DATA,0.4611,0.0767,63748,0.5378

DATA,0.4238,0.0701,63772,0.4940

DATA,0.5455,-0.0586,63797,0.4869

DATA,0.5238,-0.0021,63822,0.5217

DATA,0.5536,-0.0237,63846,0.5299

DATA,0.4483,0.0384,63871,0.4867

DATA,0.4748,0.1470,63895,0.6218

DATA,0.4204,0.0649,63920,0.4853

DATA,0.5249,0.0201,63957,0.5451
DATA,0.4978,0.0048,63981,0.5026

DATA,0.4886,0.0915,64006,0.5800

DATA,0.4303,0.0115,64030,0.4418
DATA,0.5068,-0.0272,64055,0.4797

DATA,0.5800,0.0614,64079,0.6413

DATA,0.5045,-0.0740,64104,0.4305

DATA,0.3829,-0.0006,64129,0.3823

DATA,0.4927,-0.0670,64153,0.4257

DATA,0.5542,0.0411,64178,0.5953

DATA,0.5588,0.0794,64202,0.6382
DATA,0.3896,0.0045,64227,0.3940

DATA,0.4332,-0.0352,64251,0.3980

DATA,0.4960,0.0807,64288,0.5767
DATA,0.4551,0.0067,64313,0.4618
DATA,0.4438,0.0019,64337,0.4457
DATA,0.5955,0.0747,64362,0.6703

DATA,0.5224,0.0596,64386,0.5820
DATA,0.4666,0.0778,64411,0.5445
DATA,0.5209,-0.0829,64436,0.4380
DATA,0.4667,0.0277,64460,0.4944
DATA,0.5932,0.0240,64485,0.6172
DATA,0.4845,0.2175,64509,0.7021
DATA,0.4212,0.1644,64534,0.5856

DATA,0.4768,-0.0483,64558,0.4285
DATA,0.4492,0.0367,64583,0.4859
DATA,0.5285,-0.0825,64607,0.4459

DATA,0.4162,0.0120,64644,0.4282
DATA,0.5347,0.0792,64669,0.6139

DATA,0.4949,-0.0236,64693,0.4712
DATA,0.4600,-0.0151,64718,0.4449
DATA,0.4731,0.0038,64743,0.4770

DATA,0.5338,-0.0264,64767,0.5073
DATA,0.6075,0.0967,64792,0.7043

DATA,0.4363,0.0537,64816,0.4900
DATA,0.4642,-0.0186,64841,0.4456
DATA,0.6090,0.0298,64865,0.6388
DATA,0.4930,-0.0530,64890,0.4400

DATA,0.5588,0.0355,64914,0.5943
DATA,0.5223,0.0702,64939,0.5924

DATA,0.4246,-0.0032,64976,0.4214

DATA,0.5406,0.1365,65000,0.6770

DATA,0.5517,0.0927,65025,0.6444
DATA,0.5256,-0.0805,65050,0.4452

DATA,0.4200,0.1408,65074,0.5608

DATA,0.3900,-0.0691,65099,0.3209
DATA,0.5355,0.0216,65123,0.5571

DATA,0.4382,-0.0321,65148,0.4061

DATA,0.5742,0.0072,65172,0.5814
DATA,0.5029,0.0378,65197,0.5407

DATA,0.3963,0.0757,65221,0.4721
DATA,0.5067,0.0582,65246,0.5648

DATA,0.5767,0.0797,65271,0.6564

DATA,0.4499,0.1314,65295,0.5813

DATA,0.5408,-0.0445,65332,0.4962
DATA,0.4724,-0.0995,65357,0.3729

DATA,0.4985,-0.0051,65381,0.4934
DATA,0.5179,-0.0398,65406,0.4781

DATA,0.5123,0.0508,65430,0.5631

DATA,0.5372,0.1069,65455,0.6441
DATA,0.6169,0.0795,65479,0.6963

DATA,0.5607,0.0171,65504,0.5778

DATA,0.6247,0.0077,65528,0.6324
DATA,0.5124,0.0383,65553,0.5507

DATA,0.5841,-0.0812,65578,0.5029

DATA,0.6055,0.0278,65602,0.6332

DATA,0.5598,0.0360,65627,0.5958

DATA,0.4731,0.0673,65664,0.5404

DATA,0.4350,0.0273,65688,0.4623
DATA,0.5950,0.0132,65713,0.6081

DATA,0.4834,-0.0142,65737,0.4692

DATA,0.6134,0.0911,65762,0.7045

DATA,0.5196,0.0054,65786,0.5250
DATA,0.6490,0.0056,65811,0.6546

DATA,0.5262,0.0952,65835,0.6213

DATA,0.6036,0.0347,65860,0.6383
DATA,0.5591,0.0181,65885,0.5772

DATA,0.5730,-0.0188,65909,0.5542

DATA,0.5887,0.0431,65934,0.6318
DATA,0.5981,0.0403,65958,0.6384

DATA,0.4772,0.1708,65983,0.6480

DATA,0.6977,0.0203,66020,0.7180
DATA,0.5870,-0.0358,66044,0.5512

DATA,0.5603,0.0872,66069,0.6475

DATA,0.5035,0.0751,66093,0.5786
DATA,0.6215,-0.0632,66118,0.5583

DATA,0.6224,0.0798,66142,0.7022

DATA,0.6077,0.0714,66167,0.6791

DATA,0.6151,0.1009,66192,0.7161

DATA,0.5460,0.1109,66216,0.6569

DATA,0.5907,-0.0638,66241,0.5269

DATA,0.4964,0.0109,66265,0.5074

DATA,0.6592,0.0505,66290,0.7096

DATA,0.5983,0.0623,66314,0.6606

DATA,0.6827,0.0541,66351,0.7367
DATA,0.6251,0.0196,66376,0.6447

DATA,0.5588,-0.0272,66400,0.5315

DATA,0.5929,0.0688,66425,0.6617
DATA,0.6251,-0.0316,66449,0.5934

DATA,0.5422,0.0131,66474,0.5553

DATA,0.5749,0.1446,66499,0.7195
DATA,0.5392,0.0482,66523,0.5873

DATA,0.6965,0.0617,66548,0.7582

DATA,0.6050,-0.0563,66572,0.5487
DATA,0.5788,-0.0116,66597,0.5672

DATA,0.6025,-0.0052,66621,0.5973

DATA,0.5129,-0.0117,66646,0.5013
DATA,0.5601,-0.0312,66670,0.5289

DATA,0.5776,0.0555,66707,0.6331

DATA,0.6680,0.0454,66732,0.7135
DATA,0.6779,0.1177,66756,0.7956
DATA,0.6035,-0.0106,66781,0.5928

DATA,0.6160,0.0316,66806,0.6476

DATA,0.5878,0.1175,66830,0.7053

DATA,0.6383,-0.0954,66855,0.5429

DATA,0.6382,0.0613,66879,0.6995
DATA,0.5928,-0.0483,66904,0.5445

DATA,0.5662,0.0446,66928,0.6108

DATA,0.6589,-0.0264,66953,0.6325
DATA,0.5995,0.0955,66977,0.6951

DATA,0.6542,0.0420,67002,0.6962

DATA,0.6362,0.0191,67039,0.6553

DATA,0.7184,0.0706,67063,0.7890
DATA,0.5597,0.0034,67088,0.5631

DATA,0.4653,0.0361,67113,0.5014

DATA,0.6029,-0.0239,67137,0.5789
DATA,0.6494,0.0459,67162,0.6953

DATA,0.5624,0.0794,67186,0.6418

DATA,0.5953,-0.0059,67211,0.5894
DATA,0.6595,-0.0248,67235,0.6347

DATA,0.5335,0.0608,67260,0.5943

DATA,0.5068,0.1280,67284,0.6348
DATA,0.7096,-0.0429,67309,0.6666

DATA,0.6541,0.0976,67334,0.7517

DATA,0.5903,0.0319,67358,0.6221

DATA,0.6176,0.0452,67395,0.6628
DATA,0.6975,-0.0694,67420,0.6281

DATA,0.5922,-0.0003,67444,0.5920

DATA,0.5649,0.0456,67469,0.6106
DATA,0.6204,0.0611,67493,0.6815

DATA,0.5544,-0.1365,67518,0.4179
DATA,0.7453,0.0729,67542,0.8183

DATA,0.6238,0.0196,67567,0.6435

DATA,0.5419,0.0367,67591,0.5786

DATA,0.6424,0.0897,67616,0.7321
DATA,0.5399,0.0048,67641,0.5447

DATA,0.6266,-0.0316,67665,0.5949

DATA,0.6063,0.0001,67690,0.6064
DATA,0.6447,0.0317,67714,0.6764

DATA,0.6227,-0.0085,67751,0.6142

DATA,0.6023,0.0577,67776,0.6599

DATA,0.5461,-0.0497,67800,0.4964
DATA,0.6399,0.0498,67825,0.6898
DATA,0.6255,-0.0223,67849,0.6032

DATA,0.6600,0.0009,67874,0.6609
DATA,0.6252,0.1196,67898,0.7448
DATA,0.5111,0.1899,67923,0.7010

DATA,0.5940,-0.0202,67948,0.5738

DATA,0.5130,0.0201,67972,0.5331

DATA,0.6173,-0.0551,67997,0.5622

DATA,0.6159,-0.0252,68021,0.5907
DATA,0.5894,-0.0017,68046,0.5877

DATA,0.7183,-0.0298,68083,0.6884

DATA,0.6805,0.1577,68107,0.8382

DATA,0.5496,0.0528,68132,0.6024
DATA,0.5858,0.1072,68156,0.6931

DATA,0.7156,0.0671,68181,0.7826

DATA,0.6137,0.1055,68205,0.7193
DATA,0.5576,-0.0688,68230,0.4888

DATA,0.5635,-0.0565,68254,0.5070

DATA,0.6385,0.0831,68279,0.7216
DATA,0.4748,-0.0698,68304,0.4049

DATA,0.6406,0.0255,68328,0.6660

DATA,0.6344,-0.0451,68353,0.5893
DATA,0.5198,-0.1211,68377,0.3988

DATA,0.5439,0.0871,68402,0.6310

DATA,0.5361,0.0773,68439,0.6134

DATA,0.6925,0.0396,68463,0.7320

DATA,0.5992,0.1523,68488,0.7515
DATA,0.4988,0.0279,68512,0.5268

DATA,0.6043,-0.0691,68537,0.5352
DATA,0.5107,0.1442,68561,0.6548

DATA,0.5318,-0.0617,68586,0.4701

DATA,0.6600,-0.0512,68611,0.6087

DATA,0.5307,0.0556,68635,0.5862

DATA,0.7077,0.0672,68660,0.7748
DATA,0.6541,-0.1539,68684,0.5002

DATA,0.6665,0.0029,68709,0.6694

DATA,0.5383,-0.0513,68733,0.4870

DATA,0.5070,-0.0389,68770,0.4681

DATA,0.6465,0.0396,68795,0.6861
DATA,0.5868,-0.0364,68819,0.5504

DATA,0.5289,0.0717,68844,0.6006

DATA,0.5846,0.0295,68868,0.6142
DATA,0.5911,0.0216,68893,0.6127

DATA,0.6919,0.0617,68918,0.7536

DATA,0.5664,0.0231,68942,0.5895
DATA,0.5305,-0.0010,68967,0.5295

DATA,0.5753,-0.0798,68991,0.4955
DATA,0.6444,-0.0135,69016,0.6310

DATA,0.5921,0.0061,69040,0.5982
DATA,0.6675,-0.0893,69065,0.5782

DATA,0.7351,0.0309,69089,0.7660

DATA,0.5773,0.0474,69126,0.6246

DATA,0.5886,0.0682,69151,0.6567

DATA,0.5847,0.0351,69175,0.6198

DATA,0.5248,-0.0055,69200,0.5193
DATA,0.5333,0.0775,69225,0.6108

DATA,0.5140,-0.0928,69249,0.4212
DATA,0.6508,0.0328,69274,0.6837

DATA,0.5284,-0.0085,69298,0.5199
DATA,0.5679,0.0396,69323,0.6075

DATA,0.5314,0.0869,69347,0.6183
DATA,0.6364,0.0621,69372,0.6985

DATA,0.5177,0.0343,69396,0.5520

DATA,0.6336,0.0908,69421,0.7244
DATA,0.5437,-0.0594,69458,0.4843

DATA,0.6112,0.0524,69482,0.6636

DATA,0.6556,0.0924,69507,0.7480
DATA,0.5320,-0.0493,69532,0.4827

DATA,0.5445,0.1486,69556,0.6932

DATA,0.5051,0.0105,69581,0.5156
DATA,0.6323,0.0295,69605,0.6619

DATA,0.6081,0.0369,69630,0.6450

DATA,0.5344,-0.0065,69654,0.5279
DATA,0.4939,-0.0106,69679,0.4833

DATA,0.5208,0.1761,69703,0.6969

DATA,0.5745,0.1392,69728,0.7137
DATA,0.5534,0.1171,69753,0.6705

DATA,0.5860,0.0573,69777,0.6433

DATA,0.5782,0.0166,69814,0.5949

DATA,0.5045,0.0943,69839,0.5988

DATA,0.5314,0.0770,69863,0.6084
DATA,0.5207,-0.0084,69888,0.5123

DATA,0.5853,0.0396,69912,0.6249

DATA,0.6134,-0.0171,69937,0.5963

DATA,0.4557,-0.0017,69961,0.4540

DATA,0.5363,-0.0133,69986,0.5231

DATA,0.5367,0.0560,70010,0.5927
DATA,0.5227,0.0972,70035,0.6199

DATA,0.6488,0.0866,70060,0.7354

DATA,0.5412,0.1515,70084,0.6927
DATA,0.4994,-0.0682,70109,0.4313

DATA,0.5292,0.1143,70146,0.6435
DATA,0.5652,0.2079,70170,0.7731

DATA,0.6200,0.1149,70195,0.7350
DATA,0.4538,-0.0028,70219,0.4509
DATA,0.6050,0.1099,70244,0.7149

DATA,0.5570,0.1209,70268,0.6779

DATA,0.5596,-0.0122,70293,0.5474
DATA,0.4002,-0.0031,70317,0.3971

DATA,0.5774,0.0401,70342,0.6174
DATA,0.5272,0.0874,70367,0.6146

DATA,0.4912,0.0377,70391,0.5290
DATA,0.5881,-0.0038,70416,0.5842

DATA,0.5344,0.0268,70440,0.5612
DATA,0.5461,-0.0373,70465,0.5088

DATA,0.5288,-0.0642,70502,0.4646

DATA,0.5488,-0.0435,70526,0.5053
DATA,0.5765,-0.1318,70551,0.4447

DATA,0.4853,-0.0155,70575,0.4697
DATA,0.5318,0.0276,70600,0.5593

DATA,0.5957,0.1066,70624,0.7023
DATA,0.5265,0.0031,70649,0.5295

DATA,0.5237,-0.0179,70673,0.5057

DATA,0.4525,0.0273,70698,0.4797
DATA,0.5224,-0.0512,70723,0.4712

DATA,0.5060,0.0298,70747,0.5358

DATA,0.5464,0.0853,70772,0.6316

DATA,0.5318,-0.0021,70796,0.5297

DATA,0.5592,-0.0349,70833,0.5242
DATA,0.6240,0.0427,70858,0.6666

DATA,0.5135,-0.0486,70882,0.4648

DATA,0.5174,0.1292,70907,0.6466
DATA,0.6320,0.0921,70931,0.7241

DATA,0.6072,0.0535,70956,0.6607

DATA,0.5203,0.0101,70981,0.5304

DATA,0.4698,-0.0305,71005,0.4393
DATA,0.4285,-0.0237,71030,0.4048

DATA,0.5327,0.0047,71054,0.5373

DATA,0.5496,-0.0456,71079,0.5040
DATA,0.5566,0.0351,71103,0.5917

DATA,0.5354,-0.0139,71128,0.5215

DATA,0.6384,-0.0009,71152,0.6374

DATA,0.4980,-0.0365,71189,0.4615
DATA,0.5436,-0.0112,71214,0.5324

DATA,0.5903,0.1328,71238,0.7230

DATA,0.5514,0.0001,71263,0.5514
DATA,0.5708,-0.0093,71287,0.5615

DATA,0.6206,-0.0626,71312,0.5580
DATA,0.5832,0.0015,71337,0.5848

DATA,0.6137,0.0768,71361,0.6905
DATA,0.3849,0.0032,71386,0.3881

DATA,0.5863,0.0762,71410,0.6624

DATA,0.5141,0.0690,71435,0.5831

DATA,0.4388,0.1303,71459,0.5691

DATA,0.4501,0.0059,71484,0.4560

DATA,0.5861,0.1589,71521,0.7451
DATA,0.5213,-0.0447,71545,0.4766

DATA,0.5005,0.0847,71570,0.5852

DATA,0.5528,-0.0444,71594,0.5084
DATA,0.5140,0.0749,71619,0.5890

DATA,0.6345,0.0601,71644,0.6946

DATA,0.5466,0.0617,71668,0.6084
DATA,0.5208,0.0352,71693,0.5560

DATA,0.5243,-0.0432,71717,0.4811

DATA,0.5810,0.0681,71742,0.6491
DATA,0.5733,0.0557,71766,0.6291

DATA,0.5860,0.0769,71791,0.6628

DATA,0.5935,0.1128,71816,0.7063
DATA,0.5700,-0.0236,71840,0.5464

DATA,0.5298,-0.0235,71877,0.5063

DATA,0.6011,0.0477,71901,0.6488

DATA,0.5761,-0.0049,71926,0.5712
DATA,0.4941,0.0453,71951,0.5394

DATA,0.5916,0.0707,71975,0.6623

DATA,0.5578,0.0037,72000,0.5614

DATA,0.5901,-0.0058,72024,0.5843
DATA,0.5447,0.1054,72049,0.6501

DATA,0.5176,0.0282,72073,0.5458

DATA,0.4909,0.0554,72098,0.5463
DATA,0.6515,0.0111,72122,0.6625
DATA,0.5186,0.0343,72147,0.5529

DATA,0.5604,0.0332,72172,0.5936

DATA,0.4756,-0.0015,72196,0.4741

DATA,0.6206,0.0255,72233,0.6462

DATA,0.4975,0.1741,72258,0.6715

DATA,0.5274,0.1013,72282,0.6287
DATA,0.5508,-0.0832,72307,0.4676

DATA,0.4530,-0.0622,72331,0.3908

DATA,0.5933,-0.0498,72356,0.5435
DATA,0.6397,0.1114,72380,0.7510

DATA,0.6630,0.1241,72405,0.7871

DATA,0.5824,-0.0338,72430,0.5486
DATA,0.5822,0.1688,72454,0.7511

DATA,0.6282,0.0048,72479,0.6330

DATA,0.5701,0.0581,72503,0.6282
DATA,0.5351,-0.0106,72528,0.5245

DATA,0.5295,0.0331,72565,0.5626
DATA,0.5372,0.0243,72589,0.5615

DATA,0.6034,0.0061,72614,0.6095

DATA,0.5414,0.0425,72638,0.5839
DATA,0.5703,0.1209,72663,0.6912

DATA,0.6376,0.0626,72687,0.7002

DATA,0.5744,-0.0651,72712,0.5093
DATA,0.5613,0.0754,72737,0.6367

DATA,0.4442,-0.0171,72761,0.4271

DATA,0.6041,0.0731,72786,0.6771
DATA,0.5691,0.1817,72810,0.7508

DATA,0.4795,0.1289,72835,0.6083

DATA,0.5406,0.0216,72859,0.5622
DATA,0.6226,-0.0446,72884,0.5780

DATA,0.5791,0.0341,72921,0.6132

DATA,0.5845,-0.0973,72945,0.4873

DATA,0.5257,0.1207,72970,0.6464

DATA,0.4530,0.0253,72994,0.4783
DATA,0.5574,-0.0134,73019,0.5440

DATA,0.5667,0.0703,73043,0.6370

DATA,0.6391,-0.0005,73068,0.6386
DATA,0.6006,0.1044,73093,0.7049

DATA,0.5381,-0.1954,73117,0.3427

DATA,0.4314,0.0339,73142,0.4653
DATA,0.6587,0.0226,73166,0.6813

DATA,0.5515,0.0239,73191,0.5755

DATA,0.6255,0.0217,73215,0.6472

DATA,0.5521,0.1394,73252,0.6915
DATA,0.5360,-0.0028,73277,0.5332

DATA,0.6579,-0.0429,73301,0.6150

DATA,0.5321,0.0251,73326,0.5572

DATA,0.7136,0.0946,73350,0.8082

DATA,0.4898,0.1058,73375,0.5956

DATA,0.5917,0.0102,73400,0.6019
DATA,0.4612,0.0001,73424,0.4613

DATA,0.5985,0.0805,73449,0.6790

DATA,0.5920,0.0945,73473,0.6865

DATA,0.6160,0.0851,73498,0.7011

DATA,0.5671,0.0758,73522,0.6429

DATA,0.5542,0.0002,73547,0.5544

DATA,0.5591,-0.1187,73571,0.4404
DATA,0.4729,-0.0008,73608,0.4721

DATA,0.5434,-0.0332,73633,0.5103
DATA,0.4855,0.0800,73657,0.5655

DATA,0.5567,0.1852,73682,0.7419
DATA,0.5936,-0.0418,73707,0.5518

DATA,0.5845,0.0181,73731,0.6026

DATA,0.5998,0.0816,73756,0.6814

DATA,0.5411,0.0587,73780,0.5999

DATA,0.5477,-0.0072,73805,0.5405

DATA,0.6275,-0.0157,73829,0.6118
DATA,0.6269,0.1115,73854,0.7384

DATA,0.5110,0.0591,73878,0.5701

DATA,0.5569,0.0738,73903,0.6307

DATA,0.5140,-0.0044,73940,0.5096

DATA,0.5956,0.0784,73964,0.6740

DATA,0.5563,-0.0074,73989,0.5489
DATA,0.4779,0.0527,74014,0.5306

DATA,0.5423,-0.0092,74038,0.5332

DATA,0.5054,0.1563,74063,0.6617
DATA,0.5061,-0.0453,74087,0.4608

DATA,0.6195,0.0613,74112,0.6808

DATA,0.4961,0.0114,74136,0.5075
DATA,0.4398,0.0101,74161,0.4499

DATA,0.5576,0.0112,74185,0.5688

DATA,0.5716,-0.0215,74210,0.5501
DATA,0.4497,0.0454,74235,0.4951
DATA,0.5549,0.0528,74259,0.6077

DATA,0.5216,-0.0030,74296,0.5186
DATA,0.5532,-0.0492,74320,0.5041

DATA,0.5790,0.0727,74345,0.6517
DATA,0.5547,0.1652,74370,0.7198

DATA,0.5958,-0.0202,74394,0.5756

DATA,0.6311,0.1098,74419,0.7409
DATA,0.5217,0.0356,74443,0.5573
DATA,0.5869,-0.0237,74468,0.5633

DATA,0.5567,0.1876,74492,0.7442

DATA,0.5875,0.0947,74517,0.6823
DATA,0.5100,-0.0787,74542,0.4313

DATA,0.5230,-0.0422,74566,0.4809
DATA,0.5384,0.0949,74591,0.6333

DATA,0.4144,0.1393,74627,0.5537

DATA,0.5796,0.0667,74652,0.6463

DATA,0.5257,0.0714,74677,0.5971
DATA,0.5636,-0.0099,74701,0.5537

DATA,0.5502,-0.0061,74726,0.5441

DATA,0.5455,-0.0272,74750,0.5183
DATA,0.6427,-0.0617,74775,0.5809

DATA,0.5161,0.0657,74799,0.5819

DATA,0.4347,-0.0587,74824,0.3761

DATA,0.4919,0.0107,74848,0.5026
DATA,0.4800,0.0223,74873,0.5023

DATA,0.4979,0.0250,74898,0.5229
DATA,0.4776,0.1319,74922,0.6095

DATA,0.4698,0.0017,74947,0.4714
DATA,0.5969,0.0054,74984,0.6023

DATA,0.4873,0.0844,75008,0.5716
DATA,0.5060,-0.0103,75033,0.4957
DATA,0.5284,0.0796,75057,0.6079

DATA,0.4937,0.0687,75082,0.5623

DATA,0.4934,0.0154,75106,0.5089
DATA,0.5861,-0.0727,75131,0.5134

DATA,0.5195,0.0539,75155,0.5734
DATA,0.4826,-0.0071,75180,0.4755

DATA,0.5367,0.0087,75205,0.5455

DATA,0.5661,0.0635,75229,0.6296
DATA,0.5678,-0.0436,75254,0.5242

DATA,0.5904,0.0460,75278,0.6364

DATA,0.5502,-0.0381,75315,0.5121

DATA,0.5001,0.1315,75340,0.6316
DATA,0.4884,-0.0261,75364,0.4623

DATA,0.6145,0.0666,75389,0.6810

DATA,0.5371,0.1221,75413,0.6592
DATA,0.5972,0.0135,75438,0.6107
DATA,0.5361,-0.0268,75462,0.5093

DATA,0.5309,0.0400,75487,0.5709
DATA,0.6215,0.1002,75512,0.7217

DATA,0.6270,0.0446,75536,0.6716
DATA,0.5761,0.0761,75561,0.6522

DATA,0.6351,0.0081,75585,0.6432
DATA,0.5211,0.0908,75610,0.6119

DATA,0.6209,0.0353,75634,0.6562
DATA,0.4623,0.0549,75671,0.5172

DATA,0.5905,-0.0256,75696,0.5648
DATA,0.6481,0.1234,75720,0.7715

DATA,0.5411,-0.0585,75745,0.4826

DATA,0.4855,0.0073,75769,0.4927
DATA,0.6063,0.0554,75794,0.6617

DATA,0.6001,-0.0192,75819,0.5809
DATA,0.5713,-0.1099,75843,0.4614

DATA,0.5038,0.0508,75868,0.5546
DATA,0.6564,0.0776,75892,0.7341
DATA,0.6137,0.0203,75917,0.6339

DATA,0.4773,0.0575,75941,0.5347

DATA,0.6276,0.0725,75966,0.7001

DATA,0.6170,-0.0612,76003,0.5558
DATA,0.6129,0.0348,76027,0.6477

DATA,0.6107,-0.0885,76052,0.5223

DATA,0.5355,0.0424,76076,0.5779
DATA,0.5558,-0.0171,76101,0.5387

DATA,0.5808,0.0548,76126,0.6357
DATA,0.5742,-0.0102,76150,0.5640

DATA,0.4989,0.0635,76175,0.5624
DATA,0.6011,0.1491,76199,0.7502

DATA,0.5078,-0.0571,76224,0.4507

DATA,0.5112,-0.0805,76248,0.4307
DATA,0.5402,-0.0295,76273,0.5107

DATA,0.6210,0.0506,76297,0.6716

DATA,0.7314,-0.0323,76322,0.6992

DATA,0.4557,0.0978,76359,0.5535
DATA,0.5767,-0.0276,76383,0.5490

DATA,0.5698,-0.0216,76408,0.5482
DATA,0.5295,0.0386,76433,0.5681

DATA,0.5572,0.0707,76457,0.6279
DATA,0.4919,0.1324,76482,0.6243

DATA,0.4934,0.0545,76506,0.5479
DATA,0.6245,0.0773,76531,0.7018

DATA,0.4456,0.0287,76555,0.4743

DATA,0.6034,0.0176,76580,0.6210
DATA,0.5404,-0.0075,76604,0.5329

DATA,0.5091,0.0594,76629,0.5685

DATA,0.5465,0.0528,76654,0.5993

DATA,0.5376,-0.0178,76690,0.5198
DATA,0.6530,0.0062,76715,0.6593

DATA,0.6099,0.0582,76740,0.6681
DATA,0.5112,-0.0618,76764,0.4493

DATA,0.4991,0.0957,76789,0.5948
DATA,0.6310,0.1513,76813,0.7823

DATA,0.5443,-0.0525,76838,0.4919

DATA,0.5748,0.0103,76862,0.5852
DATA,0.4903,0.0195,76887,0.5097

DATA,0.5853,0.0464,76911,0.6317

DATA,0.5077,0.0587,76936,0.5663
DATA,0.5266,0.0614,76961,0.5880

DATA,0.5495,-0.0714,76985,0.4781
DATA,0.4931,0.0983,77010,0.5914

DATA,0.5873,0.0204,77046,0.6077

DATA,0.6151,0.0423,77071,0.6574

DATA,0.6364,0.0195,77096,0.6559

DATA,0.4956,-0.0357,77120,0.4599
DATA,0.5563,-0.0049,77145,0.5514

DATA,0.6003,-0.0047,77169,0.5955

DATA,0.6381,0.1355,77194,0.7736
DATA,0.5152,0.0294,77218,0.5446

DATA,0.5360,-0.0346,77243,0.5013
DATA,0.5606,-0.0059,77268,0.5547

DATA,0.6050,-0.0549,77292,0.5500

DATA,0.5002,-0.0474,77317,0.4527
DATA,0.6840,0.0701,77341,0.7541

DATA,0.5279,-0.0301,77378,0.4978

DATA,0.5357,0.0484,77403,0.5842

DATA,0.6192,0.0631,77427,0.6822
DATA,0.5779,0.0595,77452,0.6374

DATA,0.4455,0.0029,77476,0.4484
DATA,0.5700,-0.0510,77501,0.5190

DATA,0.5026,0.0644,77525,0.5670

DATA,0.4684,0.0290,77550,0.4974
DATA,0.5434,0.0489,77575,0.5923

DATA,0.4912,-0.0047,77599,0.4865
DATA,0.5125,0.1103,77624,0.6228

DATA,0.5542,0.0198,77648,0.5740

DATA,0.4668,0.1696,77673,0.6364
DATA,0.4818,0.0145,77697,0.4963

DATA,0.5254,0.1219,77734,0.6473

DATA,0.5302,-0.0807,77759,0.4495

DATA,0.5439,0.0531,77783,0.5970
DATA,0.4983,0.1018,77808,0.6002

DATA,0.4857,-0.0043,77832,0.4814
DATA,0.4351,0.0052,77857,0.4403

DATA,0.5679,0.0801,77882,0.6480

DATA,0.5409,-0.0295,77906,0.5114
DATA,0.4126,0.0556,77931,0.4682

DATA,0.5897,-0.1302,77955,0.4596
DATA,0.5595,-0.0071,77980,0.5524

DATA,0.5627,-0.0002,78004,0.5625
DATA,0.4780,0.1259,78029,0.6039

DATA,0.5036,0.0398,78053,0.5434

DATA,0.5470,-0.0129,78090,0.5341

DATA,0.5418,0.0193,78115,0.5610
DATA,0.5467,0.0613,78139,0.6080

DATA,0.5694,0.0038,78164,0.5732

DATA,0.4290,-0.0354,78188,0.3937

DATA,0.5581,0.0906,78213,0.6487
DATA,0.4602,-0.0121,78238,0.4481

DATA,0.5755,0.1375,78262,0.7129

DATA,0.5839,0.0587,78287,0.6426
DATA,0.5112,0.0185,78311,0.5296

DATA,0.5973,0.0289,78336,0.6262

DATA,0.5230,-0.0696,78360,0.4534
DATA,0.5270,0.0660,78385,0.5930

DATA,0.4901,0.0865,78422,0.5766

DATA,0.5839,-0.0243,78446,0.5596
DATA,0.5338,-0.0684,78471,0.4654

DATA,0.5381,-0.0179,78495,0.5201

DATA,0.5147,0.0826,78520,0.5973
DATA,0.5201,0.1039,78545,0.6241
DATA,0.5060,0.1058,78569,0.6118

DATA,0.5208,-0.0637,78594,0.4571
DATA,0.5169,0.0871,78618,0.6039

DATA,0.4876,-0.0324,78643,0.4552

DATA,0.5010,0.0428,78667,0.5438
DATA,0.5281,0.0083,78692,0.5365

DATA,0.5695,0.0409,78717,0.6104
DATA,0.4603,0.0312,78741,0.4915

DATA,0.5453,0.0747,78778,0.6200

DATA,0.3928,0.1044,78802,0.4971

DATA,0.5411,-0.0361,78827,0.5051
DATA,0.5061,-0.0216,78852,0.4845

DATA,0.4410,0.0884,78876,0.5294
DATA,0.5376,0.0164,78901,0.5540

DATA,0.4926,-0.0707,78925,0.4219
DATA,0.4344,0.1296,78950,0.5640

DATA,0.5057,0.0783,78974,0.5840

DATA,0.5562,-0.1145,78999,0.4418
DATA,0.5563,0.0614,79024,0.6177

DATA,0.5206,-0.0723,79048,0.4483

DATA,0.4142,0.0640,79073,0.4782

DATA,0.5314,0.0184,79110,0.5498
DATA,0.5132,-0.0692,79134,0.4440

DATA,0.5787,0.0519,79159,0.6306
DATA,0.5151,-0.1173,79183,0.3978

DATA,0.5677,0.1541,79208,0.7218

DATA,0.3916,0.0317,79232,0.4234
DATA,0.5744,0.0444,79257,0.6187

DATA,0.5617,0.0212,79281,0.5828
DATA,0.5581,0.0352,79306,0.5933

DATA,0.5088,-0.0297,79331,0.4790

DATA,0.4606,0.0021,79355,0.4626

DATA,0.5562,0.0370,79380,0.5932
DATA,0.3864,0.0591,79404,0.4454

DATA,0.6021,0.1577,79429,0.7598

DATA,0.5476,0.0660,79466,0.6136
DATA,0.4834,0.0798,79490,0.5632

DATA,0.5413,-0.0264,79515,0.5149

DATA,0.4850,0.0739,79539,0.5589
DATA,0.5499,0.0068,79564,0.5568

DATA,0.5290,0.0239,79588,0.5529
DATA,0.5091,0.0742,79613,0.5832

DATA,0.5205,0.0596,79637,0.5801

DATA,0.4521,0.0846,79662,0.5367
DATA,0.5469,-0.0222,79687,0.5247

DATA,0.3688,0.0116,79711,0.3804

DATA,0.5555,0.1387,79736,0.6942
DATA,0.4722,0.0237,79760,0.4959

DATA,0.5746,0.0867,79797,0.6613

DATA,0.4626,0.0347,79822,0.4973
DATA,0.4750,-0.0136,79846,0.4614

DATA,0.5020,-0.0501,79871,0.4519

DATA,0.4816,0.0458,79895,0.5273
DATA,0.3991,0.0247,79920,0.4238

DATA,0.5105,0.0458,79944,0.5563
DATA,0.5755,0.0343,79969,0.6098

DATA,0.5058,-0.0212,79994,0.4846

DATA,0.4741,0.1548,80018,0.6288
DATA,0.4379,0.0292,80043,0.4671

DATA,0.5471,0.0231,80067,0.5702
DATA,0.4958,0.0917,80092,0.5875

DATA,0.4908,0.1303,80116,0.6210

DATA,0.3748,0.0096,80153,0.3844

DATA,0.5339,0.0747,80178,0.6086
DATA,0.5332,0.0731,80202,0.6063

DATA,0.4263,0.0746,80227,0.5009
DATA,0.5238,-0.0277,80251,0.4962

DATA,0.5463,-0.0348,80276,0.5115
DATA,0.4719,0.0657,80301,0.5376

DATA,0.4588,-0.0024,80325,0.4564
DATA,0.4642,0.0359,80350,0.5001
DATA,0.3925,0.0494,80374,0.4419

DATA,0.5205,0.0133,80399,0.5339

DATA,0.5490,0.0312,80423,0.5802

DATA,0.6023,-0.0047,80448,0.5976

DATA,0.5683,-0.0803,80485,0.4880
DATA,0.4140,0.1879,80509,0.6019

DATA,0.4175,0.0387,80534,0.4562
DATA,0.3865,0.0253,80558,0.4118

DATA,0.4955,0.0692,80583,0.5648

DATA,0.4802,-0.1065,80607,0.3737
DATA,0.5195,0.0457,80632,0.5652

DATA,0.4796,-0.0655,80657,0.4141

DATA,0.5623,0.0904,80681,0.6527
DATA,0.4737,-0.0143,80706,0.4594

DATA,0.6032,0.0670,80730,0.6702

DATA,0.4463,-0.0032,80755,0.4431

DATA,0.4662,0.0434,80779,0.5096

DATA,0.4764,-0.1014,80804,0.3750

DATA,0.5438,-0.0777,80841,0.4661
DATA,0.4299,0.0073,80865,0.4372

DATA,0.4729,0.0791,80890,0.5520
DATA,0.4580,0.0578,80914,0.5158

DATA,0.4546,0.0012,80939,0.4558
DATA,0.4482,0.0131,80964,0.4613

DATA,0.4875,0.1446,80988,0.6321
DATA,0.4650,-0.1123,81013,0.3527

DATA,0.4909,-0.0066,81037,0.4842

DATA,0.4982,0.0447,81062,0.5429
DATA,0.4501,0.1063,81086,0.5563

DATA,0.5165,0.0991,81111,0.6156

DATA,0.5103,0.0956,81135,0.6059

DATA,0.5181,-0.0862,81172,0.4320
DATA,0.5111,0.0678,81197,0.5789

DATA,0.3703,0.0888,81221,0.4592
DATA,0.4710,0.1044,81246,0.5754

DATA,0.6194,0.0102,81271,0.6295

DATA,0.4365,0.0272,81295,0.4636
DATA,0.5087,0.0793,81320,0.5880

DATA,0.5812,0.0823,81344,0.6634
DATA,0.5019,0.0199,81369,0.5218

DATA,0.6414,0.0551,81393,0.6964

DATA,0.4695,-0.1776,81418,0.2919
DATA,0.5602,0.1238,81442,0.6840

DATA,0.4703,0.0702,81467,0.5404
DATA,0.5673,-0.0897,81492,0.4776

DATA,0.4804,-0.0564,81528,0.4240

DATA,0.6071,-0.0187,81553,0.5884
DATA,0.4603,0.0796,81577,0.5399

DATA,0.6411,-0.0742,81602,0.5669

DATA,0.5470,0.1016,81627,0.6486
DATA,0.4906,0.0756,81651,0.5663

DATA,0.4738,-0.0477,81676,0.4261

DATA,0.4191,0.0540,81700,0.4731
DATA,0.4843,0.0965,81725,0.5808

DATA,0.4864,0.0064,81749,0.4928
DATA,0.4510,0.0258,81774,0.4769

DATA,0.5443,-0.0234,81799,0.5209
DATA,0.5860,0.1055,81823,0.6914

DATA,0.5029,0.0362,81860,0.5391

DATA,0.5542,0.0594,81885,0.6136
DATA,0.4638,0.0689,81909,0.5328

DATA,0.3893,0.0471,81934,0.4364

DATA,0.5306,-0.0644,81958,0.4662
DATA,0.3657,0.0036,81983,0.3693

DATA,0.6200,-0.0018,82007,0.6182
DATA,0.5646,0.0203,82032,0.5849

DATA,0.5643,0.1493,82056,0.7136

DATA,0.4871,0.0204,82081,0.5074
DATA,0.6099,0.0669,82106,0.6768

DATA,0.5148,0.0490,82130,0.5638

DATA,0.6286,0.0928,82155,0.7214
DATA,0.5291,0.0018,82179,0.5310

DATA,0.5676,-0.0220,82216,0.5456

DATA,0.5234,-0.0458,82241,0.4776
DATA,0.6858,-0.0927,82265,0.5931
DATA,0.5395,0.0997,82290,0.6393

DATA,0.5667,0.0410,82314,0.6077
DATA,0.5519,-0.0101,82339,0.5418

DATA,0.6000,0.1092,82363,0.7092
DATA,0.5564,0.0038,82388,0.5603

DATA,0.4105,-0.0088,82413,0.4016

DATA,0.5800,0.0279,82437,0.6079
DATA,0.6104,0.0725,82462,0.6829

DATA,0.5760,-0.0361,82486,0.5399

DATA,0.5636,0.0623,82511,0.6259
DATA,0.6112,0.1029,82548,0.7141

DATA,0.6629,0.0272,82572,0.6902
DATA,0.6509,-0.0491,82597,0.6018

DATA,0.5686,0.0105,82621,0.5791
DATA,0.6673,-0.0328,82646,0.6345

DATA,0.6635,0.0196,82670,0.6831

DATA,0.5919,0.0429,82695,0.6348

DATA,0.6235,-0.0224,82720,0.6011
DATA,0.6413,-0.0992,82744,0.5421

DATA,0.6180,0.0193,82769,0.6372
DATA,0.6428,0.1176,82793,0.7604

DATA,0.6769,0.0294,82818,0.7063

DATA,0.6213,0.0084,82842,0.6297
DATA,0.6113,0.0638,82867,0.6752

DATA,0.5285,0.1071,82904,0.6356

DATA,0.7264,-0.0607,82928,0.6657
DATA,0.6895,0.0807,82953,0.7703

DATA,0.6776,-0.0707,82977,0.6069

DATA,0.6363,0.0734,83002,0.7097
DATA,0.6864,0.0682,83027,0.7546

DATA,0.6104,0.0565,83051,0.6669
DATA,0.6182,0.1109,83076,0.7291

DATA,0.5908,-0.0729,83100,0.5179

DATA,0.6303,0.0705,83125,0.7008
DATA,0.6695,0.0822,83149,0.7517

DATA,0.6361,-0.0121,83174,0.6240
DATA,0.6160,0.0989,83199,0.7149

DATA,0.5470,0.1477,83223,0.6946
DATA,0.6357,0.0054,83260,0.6411

DATA,0.6879,0.0030,83284,0.6909

DATA,0.7149,0.0823,83309,0.7972
DATA,0.6895,-0.0117,83334,0.6778

DATA,0.6023,-0.0234,83358,0.5788
DATA,0.6741,-0.0578,83383,0.6163

DATA,0.6043,0.0617,83407,0.6660

DATA,0.6874,0.0950,83432,0.7824
DATA,0.6718,0.1153,83456,0.7871

DATA,0.6795,0.0863,83481,0.7658
DATA,0.7510,0.0093,83506,0.7603

DATA,0.6707,0.1521,83530,0.8228

DATA,0.6183,-0.0691,83555,0.5492

DATA,0.5682,-0.0136,83591,0.5546
DATA,0.6015,-0.0465,83616,0.5550

DATA,0.5925,0.0793,83641,0.6718
DATA,0.6745,0.1005,83665,0.7750

DATA,0.6461,-0.0113,83690,0.6349
DATA,0.6830,0.0073,83714,0.6903

DATA,0.6296,0.1042,83739,0.7338
DATA,0.6827,0.0130,83763,0.6957

DATA,0.7213,0.0558,83788,0.7771

DATA,0.6821,0.0330,83813,0.7151

DATA,0.6169,0.1455,83837,0.7624

DATA,0.7468,0.0048,83862,0.7516

DATA,0.6747,0.0902,83886,0.7649
DATA,0.6341,0.0348,83911,0.6689

DATA,0.7197,-0.0141,83948,0.7056

DATA,0.5783,-0.0413,83972,0.5370
DATA,0.6613,0.0825,83997,0.7438

DATA,0.7027,0.0332,84021,0.7359
DATA,0.6781,-0.0399,84046,0.6382

DATA,0.7464,0.1215,84070,0.8679

DATA,0.7623,-0.0781,84095,0.6842
DATA,0.7201,0.1778,84120,0.8979

DATA,0.5644,-0.0021,84144,0.5623
DATA,0.6361,0.0068,84169,0.6429

DATA,0.5516,-0.1035,84193,0.4482

DATA,0.6528,0.0122,84218,0.6649
DATA,0.7054,-0.0416,84242,0.6638

DATA,0.8168,0.0708,84279,0.8876
DATA,0.6671,0.0245,84304,0.6916
DATA,0.6046,-0.0169,84328,0.5877

DATA,0.7736,0.0424,84353,0.8161
DATA,0.6488,0.0229,84377,0.6717

DATA,0.6008,-0.1047,84402,0.4962
DATA,0.6440,0.0134,84427,0.6573

DATA,0.6687,0.1303,84451,0.7989
DATA,0.6620,0.0397,84476,0.7017

DATA,0.7596,0.0179,84500,0.7776

DATA,0.6529,0.0931,84525,0.7460
DATA,0.6752,0.0463,84549,0.7215

DATA,0.7252,-0.0218,84574,0.7034
DATA,0.5968,0.0451,84598,0.6418

DATA,0.6546,0.1029,84635,0.7576

DATA,0.6577,0.0274,84660,0.6851
DATA,0.7176,0.0594,84684,0.7770

DATA,0.6082,0.1691,84709,0.7773

DATA,0.5397,0.1485,84734,0.6883
DATA,0.6339,0.0732,84758,0.7071

DATA,0.6916,-0.0384,84783,0.6532
DATA,0.7419,0.0532,84807,0.7951

DATA,0.7130,0.0343,84832,0.7473
DATA,0.7067,-0.0050,84856,0.7017

DATA,0.6774,-0.0261,84881,0.6513
DATA,0.7364,0.0911,84905,0.8274

DATA,0.5829,0.0317,84930,0.6145

DATA,0.6748,0.1242,84967,0.7990

DATA,0.6503,0.0661,84991,0.7164
DATA,0.6520,-0.0081,85016,0.6440

DATA,0.6379,0.0540,85040,0.6919
DATA,0.5975,0.1037,85065,0.7012

DATA,0.7744,-0.0900,85090,0.6844
DATA,0.5545,0.0966,85114,0.6511

DATA,0.7499,-0.0241,85139,0.7258
DATA,0.6888,0.0060,85163,0.6948

DATA,0.6498,-0.0027,85188,0.6471
DATA,0.6058,-0.1097,85212,0.4961

DATA,0.5790,0.0149,85237,0.5939

DATA,0.6240,-0.0182,85262,0.6058
DATA,0.6390,0.1994,85286,0.8385

DATA,0.7423,-0.0234,85323,0.7189

DATA,0.5874,0.0336,85347,0.6211
DATA,0.6461,0.0839,85372,0.7300

DATA,0.6899,-0.0457,85397,0.6443
DATA,0.6276,-0.1216,85421,0.5060

DATA,0.5756,-0.0439,85446,0.5317

DATA,0.5959,-0.0482,85470,0.5476
DATA,0.6506,0.0206,85495,0.6712

DATA,0.7347,0.0313,85519,0.7660
DATA,0.6327,-0.0228,85544,0.6099

DATA,0.6106,0.0151,85569,0.6257

DATA,0.6063,0.0405,85593,0.6469
DATA,0.7542,-0.0235,85618,0.7308

DATA,0.5857,-0.0107,85654,0.5750
DATA,0.5676,0.0976,85679,0.6651

DATA,0.6669,-0.1101,85704,0.5568

DATA,0.6895,0.0215,85728,0.7110
DATA,0.5933,0.1118,85753,0.7051

DATA,0.5630,0.0418,85777,0.6048
DATA,0.5807,-0.0041,85802,0.5767

DATA,0.6167,0.0439,85826,0.6606

DATA,0.5491,0.0968,85851,0.6460
DATA,0.5086,0.0330,85876,0.5416

DATA,0.7030,0.0123,85900,0.7153
DATA,0.5315,0.0567,85925,0.5882

DATA,0.6249,0.0866,85949,0.7115
DATA,0.6269,-0.0479,85974,0.5790

DATA,0.6636,0.0806,86011,0.7442

DATA,0.6295,0.0195,86035,0.6490

DATA,0.6177,0.0314,86060,0.6491
DATA,0.6878,-0.0103,86084,0.6776

DATA,0.6151,-0.0005,86109,0.6146
DATA,0.5502,0.1380,86133,0.6882

DATA,0.6911,0.0497,86158,0.7408
DATA,0.6274,-0.0484,86183,0.5790

DATA,0.6494,-0.0184,86207,0.6310

DATA,0.6493,0.0192,86232,0.6685
DATA,0.5679,-0.0055,86256,0.5624

DATA,0.5865,-0.0186,86281,0.5679
DATA,0.5725,0.0756,86305,0.6482

DATA,0.5904,0.2376,86330,0.8280

DATA,0.5829,0.1248,86367,0.7078
DATA,0.6297,-0.0089,86391,0.6208

DATA,0.5626,-0.0395,86416,0.5232

DATA,0.4854,-0.0439,86440,0.4415
DATA,0.6049,-0.0373,86465,0.5676

DATA,0.5968,-0.0421,86490,0.5548
DATA,0.6307,0.0127,86514,0.6434

DATA,0.6059,0.0664,86539,0.6723

DATA,0.6786,-0.0066,86563,0.6720
DATA,0.5956,0.1566,86588,0.7522

DATA,0.5693,0.0914,86612,0.6607
DATA,0.5466,-0.0026,86637,0.5440

DATA,0.5407,0.0584,86661,0.5991

DATA,0.6644,0.1344,86698,0.7988
DATA,0.6139,-0.0175,86723,0.5964

DATA,0.5773,0.0979,86747,0.6752

DATA,0.5534,-0.0295,86772,0.5239
DATA,0.5995,0.0139,86797,0.6134

DATA,0.5765,0.0285,86821,0.6050
DATA,0.4964,0.1163,86846,0.6127

DATA,0.5870,0.1146,86870,0.7016
DATA,0.5269,0.0744,86895,0.6013

DATA,0.5292,0.0591,86919,0.5884

DATA,0.5638,0.0068,86944,0.5706
DATA,0.5706,0.1120,86968,0.6826

DATA,0.4871,0.0234,86993,0.5105
DATA,0.5146,0.0468,87018,0.5614

DATA,0.5690,0.0078,87054,0.5768

DATA,0.5656,0.0757,87079,0.6413
DATA,0.6030,0.0347,87104,0.6378
DATA,0.4732,0.0139,87128,0.4872

DATA,0.5448,0.0119,87153,0.5567

DATA,0.5127,0.0728,87177,0.5856
DATA,0.5737,0.0571,87202,0.6308

DATA,0.5845,0.1573,87226,0.7419

DATA,0.5364,-0.0212,87251,0.5152
DATA,0.5849,0.0717,87275,0.6566
DATA,0.5308,0.1304,87300,0.6612

DATA,0.4481,0.0153,87325,0.4633
DATA,0.5415,0.0769,87349,0.6184

DATA,0.5484,0.0328,87386,0.5812
DATA,0.4388,-0.0997,87411,0.3391

DATA,0.3378,0.0177,87435,0.3555
DATA,0.5196,0.1229,87460,0.6425

DATA,0.4662,0.1429,87484,0.6091

DATA,0.4122,-0.0202,87509,0.3920
DATA,0.4711,0.1037,87533,0.5748

DATA,0.6298,0.0385,87558,0.6683
DATA,0.6133,-0.0032,87582,0.6100

DATA,0.5535,0.0314,87607,0.5848
DATA,0.5020,0.0570,87632,0.5590

DATA,0.5416,0.0652,87656,0.6067

DATA,0.5775,0.0077,87681,0.5851
DATA,0.4924,0.0134,87705,0.5058

DATA,0.5516,0.1527,87742,0.7044

DATA,0.4361,0.0358,87767,0.4720
DATA,0.5094,-0.0064,87791,0.5031

DATA,0.5375,0.1404,87816,0.6778
DATA,0.4810,0.0372,87840,0.5182

DATA,0.5773,0.0880,87865,0.6653

DATA,0.5841,0.0636,87889,0.6476
DATA,0.4151,-0.0056,87914,0.4096

DATA,0.5040,0.0655,87939,0.5695
DATA,0.4441,0.0259,87963,0.4700

DATA,0.5301,0.0243,87988,0.5545

DATA,0.4425,0.0894,88012,0.5318
DATA,0.4744,-0.0737,88037,0.4007

DATA,0.5274,0.0417,88074,0.5691

DATA,0.4311,0.0505,88098,0.4816
DATA,0.4836,-0.0371,88123,0.4465

DATA,0.4319,0.0661,88147,0.4980
DATA,0.5600,0.0573,88172,0.6173

DATA,0.5409,-0.0082,88196,0.5327
DATA,0.4647,-0.0063,88221,0.4584

DATA,0.4381,0.1150,88246,0.5531
DATA,0.5284,0.0529,88270,0.5813

DATA,0.5569,0.0784,88295,0.6352
DATA,0.4291,-0.0479,88319,0.3812

DATA,0.6024,-0.0291,88344,0.5733

DATA,0.4932,0.0477,88368,0.5409
DATA,0.4928,0.1263,88393,0.6191

DATA,0.3968,0.0027,88430,0.3995

DATA,0.4781,0.0694,88454,0.5475
DATA,0.6090,0.0094,88479,0.6184
DATA,0.5473,0.0332,88503,0.5805

DATA,0.5797,-0.1093,88528,0.4705
DATA,0.3458,0.1461,88553,0.4918

DATA,0.4237,0.0203,88577,0.4441
DATA,0.4746,0.0197,88602,0.4943

DATA,0.4934,0.0142,88626,0.5076
DATA,0.4968,0.0419,88651,0.5387

DATA,0.4853,0.0647,88675,0.5501
DATA,0.4524,-0.0440,88700,0.4084
DATA,0.4983,-0.0304,88724,0.4678

DATA,0.5209,-0.0097,88761,0.5112
DATA,0.4702,0.1501,88786,0.6203

DATA,0.4784,0.1256,88810,0.6040
DATA,0.5088,-0.0201,88835,0.4887
DATA,0.4799,0.0448,88860,0.5248

DATA,0.3054,-0.0859,88884,0.2195
DATA,0.5100,0.0399,88909,0.5499

DATA,0.4999,0.0176,88933,0.5176

DATA,0.5185,-0.0443,88958,0.4742
DATA,0.4903,0.1432,88982,0.6334

DATA,0.5469,0.0989,89007,0.6458
DATA,0.5529,-0.0429,89031,0.5099

DATA,0.6278,0.0746,89056,0.7024
DATA,0.5018,0.1016,89081,0.6034

DATA,0.4198,0.0387,89117,0.4584

DATA,0.4700,0.0290,89142,0.4990
DATA,0.4025,0.0336,89167,0.4361
DATA,0.3857,-0.0051,89191,0.3806

DATA,0.4704,0.0778,89216,0.5483

DATA,0.3865,-0.0193,89240,0.3672
DATA,0.5284,0.0449,89265,0.5733

DATA,0.4782,0.0785,89289,0.5567
DATA,0.4052,-0.0477,89314,0.3575

DATA,0.4110,0.0482,89338,0.4592
DATA,0.3964,0.1164,89363,0.5128

DATA,0.5948,-0.0542,89388,0.5406
DATA,0.5093,0.0544,89412,0.5636

DATA,0.5475,0.0284,89449,0.5760

DATA,0.3212,-0.0414,89474,0.2798

DATA,0.3965,0.0726,89498,0.4691
DATA,0.4827,-0.0360,89523,0.4467

DATA,0.5984,0.0224,89547,0.6207
DATA,0.4476,0.1271,89572,0.5747

DATA,0.4343,0.0856,89596,0.5199

DATA,0.5410,-0.0749,89621,0.4661
DATA,0.4445,0.0618,89645,0.5063

DATA,0.4704,0.0111,89670,0.4815
DATA,0.5064,-0.0313,89695,0.4751

DATA,0.4980,0.0902,89719,0.5882
DATA,0.4962,0.0604,89744,0.5566

DATA,0.5401,0.0976,89768,0.6377

DATA,0.4353,0.0841,89805,0.5194

DATA,0.4774,0.0173,89830,0.4947
DATA,0.5050,0.0126,89854,0.5177

DATA,0.4906,-0.0097,89879,0.4809
DATA,0.5080,-0.1540,89903,0.3540

DATA,0.5104,-0.0418,89928,0.4686
DATA,0.5114,0.0028,89952,0.5142

DATA,0.4486,-0.0794,89977,0.3692
DATA,0.5390,0.0508,90002,0.5898
DATA,0.3981,0.1362,90026,0.5343

DATA,0.4864,0.1122,90051,0.5986
DATA,0.4481,-0.0169,90075,0.4312

DATA,0.4837,-0.0555,90100,0.4282

DATA,0.4112,0.0161,90137,0.4273
DATA,0.4985,0.0194,90161,0.5179

DATA,0.4556,0.0146,90186,0.4702
DATA,0.3732,0.0180,90210,0.3912

DATA,0.4539,0.0232,90235,0.4771
DATA,0.4900,0.0232,90259,0.5132
DATA,0.5447,-0.0029,90284,0.5418

DATA,0.4299,0.0493,90309,0.4792
DATA,0.4552,-0.0528,90333,0.4023

DATA,0.4633,0.0009,90358,0.4642
DATA,0.3914,0.1121,90382,0.5034
DATA,0.4908,-0.0366,90407,0.4542

DATA,0.5307,0.0501,90431,0.5808
DATA,0.5055,-0.0813,90456,0.4242

DATA,0.3738,0.1156,90493,0.4894
DATA,0.5265,0.0598,90517,0.5864

DATA,0.5371,0.1025,90542,0.6396

DATA,0.4386,0.0393,90566,0.4778
DATA,0.4008,0.1031,90591,0.5039

DATA,0.5089,0.1782,90616,0.6871

DATA,0.4560,-0.0784,90640,0.3776
DATA,0.3671,0.1107,90665,0.4778

DATA,0.4974,0.1003,90689,0.5977
DATA,0.4513,0.0201,90714,0.4714

DATA,0.4860,0.0419,90738,0.5278
DATA,0.4669,0.1531,90763,0.6199

DATA,0.4819,-0.1108,90787,0.3710

DATA,0.5213,0.0168,90824,0.5382
DATA,0.4749,-0.0077,90849,0.4672

DATA,0.5585,0.0509,90873,0.6094
DATA,0.2774,0.0498,90898,0.3272

DATA,0.5654,0.0774,90922,0.6428
DATA,0.5540,0.0040,90947,0.5580

DATA,0.4950,-0.0019,90972,0.4931
DATA,0.4084,0.0307,90996,0.4391

DATA,0.4797,0.0642,91021,0.5439

DATA,0.4888,0.0849,91045,0.5738
DATA,0.4647,0.1215,91070,0.5861

DATA,0.5107,0.0481,91094,0.5588
DATA,0.5691,-0.0884,91119,0.4807

DATA,0.4739,-0.0152,91156,0.4587

DATA,0.5455,0.1273,91180,0.6728
DATA,0.4490,-0.0223,91205,0.4267

DATA,0.5265,0.0101,91229,0.5366
DATA,0.4722,0.2270,91254,0.6992
DATA,0.4677,-0.0314,91279,0.4363

DATA,0.5524,0.1114,91303,0.6638
DATA,0.4216,-0.0037,91328,0.4179
DATA,0.4793,0.1289,91352,0.6082

DATA,0.4998,0.0238,91377,0.5236
DATA,0.3981,0.0583,91401,0.4564
DATA,0.5449,-0.0194,91426,0.5255

DATA,0.4108,0.0799,91451,0.4907
DATA,0.4526,-0.0741,91475,0.3785

DATA,0.6170,0.0906,91512,0.7077
DATA,0.4428,0.0563,91536,0.4990

DATA,0.5640,-0.1315,91561,0.4325
DATA,0.4748,0.0822,91586,0.5571

DATA,0.4437,0.1175,91610,0.5612
DATA,0.4729,-0.0145,91635,0.4584
DATA,0.5236,0.1014,91659,0.6250

DATA,0.4181,-0.0383,91684,0.3798

DATA,0.4407,0.0723,91708,0.5130

DATA,0.5740,-0.0739,91733,0.5001
DATA,0.3677,-0.0169,91758,0.3508

DATA,0.4392,-0.0001,91782,0.4391
DATA,0.5759,0.1607,91807,0.7366
DATA,0.5393,-0.0207,91831,0.5186

DATA,0.5625,-0.0130,91868,0.5495

DATA,0.5310,0.0823,91893,0.6133
DATA,0.4648,0.0465,91917,0.5113

DATA,0.4333,-0.0280,91942,0.4053
DATA,0.4856,0.1618,91966,0.6475

DATA,0.4600,-0.0143,91991,0.4457

DATA,0.5056,0.0729,92015,0.5786
DATA,0.5786,-0.0142,92040,0.5644

DATA,0.4290,-0.0755,92065,0.3535
DATA,0.5179,0.0164,92089,0.5343
DATA,0.4642,0.0344,92114,0.4986

DATA,0.5180,0.0318,92138,0.5499
DATA,0.4710,0.0422,92163,0.5132

DATA,0.4645,0.0374,92200,0.5018
DATA,0.4371,0.0532,92224,0.4903
DATA,0.4242,0.0165,92249,0.4407

DATA,0.4389,0.0927,92273,0.5317
DATA,0.5071,0.0380,92298,0.5451
DATA,0.4485,0.1152,92322,0.5637

DATA,0.5083,0.2065,92347,0.7148
DATA,0.4886,0.0364,92371,0.5250
DATA,0.5575,-0.0874,92396,0.4702

DATA,0.4934,0.1193,92421,0.6128
DATA,0.4552,0.0988,92445,0.5541

DATA,0.4901,-0.0392,92470,0.4509
DATA,0.4557,0.0373,92494,0.4929

DATA,0.5563,0.0652,92519,0.6215
DATA,0.5015,0.0286,92556,0.5300

DATA,0.4638,-0.0049,92580,0.4589

DATA,0.4895,0.0433,92605,0.5327
DATA,0.5945,-0.0003,92629,0.5942

DATA,0.4263,0.0058,92654,0.4321
DATA,0.4953,-0.0031,92679,0.4922

DATA,0.5785,0.0757,92703,0.6542
DATA,0.6393,0.0836,92728,0.7229

DATA,0.4521,0.1341,92752,0.5861
DATA,0.5336,0.0493,92777,0.5829

DATA,0.5644,0.0783,92801,0.6426
DATA,0.5067,-0.0539,92826,0.4527

DATA,0.4440,0.1108,92850,0.5548

DATA,0.5204,-0.0022,92887,0.5182

DATA,0.4756,-0.0798,92912,0.3958

DATA,0.5605,0.0235,92936,0.5840

DATA,0.5297,-0.0017,92961,0.5280

DATA,0.5120,0.0787,92986,0.5907

DATA,0.4898,0.0253,93010,0.5151
DATA,0.4737,-0.0099,93035,0.4638

DATA,0.5277,0.0145,93059,0.5421

DATA,0.4724,0.2006,93084,0.6730
DATA,0.4816,-0.0229,93108,0.4587

DATA,0.4481,0.0979,93133,0.5461

DATA,0.4780,0.0384,93157,0.5164

DATA,0.5541,0.0330,93182,0.5871

DATA,0.5273,-0.0543,93207,0.4730

DATA,0.5111,-0.0518,93243,0.4593

DATA,0.4411,0.0999,93268,0.5411

DATA,0.5060,0.0611,93293,0.5670

DATA,0.5181,0.0606,93317,0.5787
DATA,0.5437,0.0522,93342,0.5959

DATA,0.5251,0.0959,93366,0.6211

DATA,0.4994,-0.0165,93391,0.4829

DATA,0.4933,-0.0254,93415,0.4679

DATA,0.4854,0.0883,93440,0.5737

DATA,0.4840,0.0891,93464,0.5731
DATA,0.4910,0.0386,93489,0.5296

DATA,0.4334,0.1082,93514,0.5416

DATA,0.5974,-0.0174,93538,0.5800

DATA,0.4294,0.0400,93575,0.4694

DATA,0.4725,0.0156,93600,0.4881

DATA,0.4508,0.0816,93624,0.5324
DATA,0.6152,-0.0052,93649,0.6100

DATA,0.3931,-0.0443,93673,0.3488

DATA,0.5138,0.0135,93698,0.5273

DATA,0.4708,0.0161,93722,0.4869

DATA,0.5268,0.0260,93747,0.5528

DATA,0.6211,0.1810,93771,0.8021

DATA,0.5005,-0.0447,93796,0.4558

DATA,0.4021,0.0439,93821,0.4460

DATA,0.5408,0.0399,93845,0.5808

DATA,0.5154,0.0227,93870,0.5381

DATA,0.4555,0.0318,93894,0.4873

DATA,0.5076,0.0215,93931,0.5291

DATA,0.5383,-0.0114,93956,0.5269

DATA,0.5206,0.0571,93980,0.5777

DATA,0.4646,0.1656,94005,0.6302

DATA,0.5697,0.1636,94029,0.7332
DATA,0.4688,0.0653,94054,0.5341

DATA,0.6007,0.0967,94078,0.6974
DATA,0.5823,-0.0754,94103,0.5070

DATA,0.5169,-0.0031,94128,0.5138
DATA,0.5450,0.0577,94152,0.6027

DATA,0.4694,0.1085,94177,0.5780
DATA,0.5680,0.0526,94201,0.6206

DATA,0.5035,-0.0505,94226,0.4529
DATA,0.5400,0.0583,94263,0.5984

DATA,0.5369,0.0075,94287,0.5444

DATA,0.5228,0.0092,94312,0.5320

DATA,0.4745,0.0564,94336,0.5309

DATA,0.5963,0.0402,94361,0.6365

DATA,0.5387,0.0356,94385,0.5744

DATA,0.4002,-0.0852,94410,0.3149

DATA,0.5382,0.0442,94435,0.5824

DATA,0.5396,0.0607,94459,0.6004

DATA,0.4932,-0.1416,94484,0.3517

DATA,0.5007,-0.0353,94508,0.4654

DATA,0.5278,-0.0764,94533,0.4514

