DATA,11.7649,0.0522,84595,11.8171
DATA,11.7291,-0.0892,84620,11.6399

DATA,11.5878,-0.0287,84644,11.5591

DATA,11.7799,0.0225,84669,11.8024
DATA,11.7619,-0.1058,84694,11.6561

DATA,11.6529,0.0772,84718,11.7301

DATA,11.6667,0.1211,84743,11.7878

DATA,11.6369,0.0699,84767,11.7068
DATA,11.6492,0.0254,84792,11.6746

DATA,11.5671,0.0557,84829,11.6228

DATA,11.6661,-0.0344,84853,11.6318

DATA,11.6604,-0.0085,84878,11.6519

DATA,11.7225,-0.0666,84903,11.6560

DATA,11.6285,0.0039,84927,11.6324
DATA,11.6829,0.0391,84952,11.7220

DATA,11.6597,-0.0425,84976,11.6172
DATA,11.6621,-0.0112,85001,11.6509

DATA,11.6169,0.0563,85026,11.6731

DATA,11.6883,0.0845,85050,11.7728

DATA,11.7384,0.0166,85075,11.7549
DATA,11.6869,0.0188,85099,11.7057

DATA,11.6868,0.0678,85124,11.7546

DATA,11.6682,0.1143,85149,11.7826

DATA,11.7048,-0.0478,85186,11.6569

DATA,11.6545,-0.0396,85210,11.6149

DATA,11.6525,0.0057,85235,11.6582

DATA,11.6105,-0.0648,85259,11.5457

DATA,11.7124,-0.0263,85284,11.6861
DATA,11.7161,-0.0653,85309,11.6508

DATA,11.6351,0.1447,85333,11.7798

DATA,11.7271,0.0517,85358,11.7788

DATA,11.6542,-0.0608,85382,11.5934
DATA,11.6638,-0.0061,85407,11.6577

DATA,11.7486,0.0667,85432,11.8153

DATA,11.8130,0.0890,85456,11.9020

DATA,11.6492,-0.1196,85481,11.5296

DATA,11.6245,-0.0128,85518,11.6116

DATA,11.7593,-0.0303,85542,11.7290

DATA,11.7664,0.0405,85567,11.8068
DATA,11.7821,0.0803,85592,11.8624

DATA,11.7328,0.1328,85616,11.8656

DATA,11.6879,-0.1607,85641,11.5272
DATA,11.8353,0.0525,85665,11.8878

DATA,11.7434,-0.0292,85690,11.7142

DATA,11.6862,-0.0487,85715,11.6375

DATA,11.6637,-0.0428,85739,11.6209
DATA,11.7574,0.0352,85764,11.7926

DATA,11.7168,-0.0007,85788,11.7161

DATA,11.7066,0.0737,85813,11.7803

DATA,11.7278,-0.0179,85838,11.7099

DATA,11.8091,-0.0050,85875,11.8041

DATA,11.7405,-0.0018,85899,11.7387
DATA,11.6400,-0.0396,85924,11.6004

DATA,11.7616,0.0221,85948,11.7837

DATA,11.7570,-0.0614,85973,11.6955
DATA,11.7564,0.0301,85998,11.7865

DATA,11.6624,0.0138,86022,11.6762
DATA,11.6656,-0.0700,86047,11.5956

DATA,11.6655,-0.0042,86071,11.6613
DATA,11.6693,0.0595,86096,11.7289

DATA,11.7582,-0.0291,86121,11.7292
DATA,12.2072,-0.0772,86145,12.1300
DATA,12.4482,-0.1976,86170,12.2505

DATA,12.2906,0.2228,86194,12.5134

DATA,12.5912,0.0688,86231,12.6600
DATA,12.1026,-0.0272,86256,12.0754

DATA,11.6212,-0.0197,86280,11.6015
DATA,11.4443,-0.0935,86305,11.3509
DATA,11.4886,0.0224,86330,11.5110

DATA,11.4188,-0.0558,86354,11.3630
DATA,11.6448,-0.2011,86379,11.4437

DATA,13.1042,0.1944,86404,13.2987
DATA,14.0603,0.0086,86428,14.0689

DATA,13.6333,0.0331,86453,13.6663
DATA,14.0639,-0.0672,86477,13.9967

DATA,13.9071,-0.0449,86502,13.8621
DATA,14.4374,-0.0055,86527,14.4318

DATA,16.1362,0.0608,86551,16.1970

DATA,16.9791,-0.0272,86588,16.9519

DATA,16.2163,0.1540,86613,16.3703
DATA,15.0510,-0.1024,86637,14.9487

DATA,16.5247,0.0438,86662,16.5686

DATA,17.7649,-0.0408,86686,17.7241

DATA,17.4026,0.1875,86711,17.5901

DATA,17.2238,0.1338,86736,17.3576

DATA,17.8417,-0.0515,86760,17.7902
DATA,18.6093,0.0579,86785,18.6672

DATA,19.2770,-0.0476,86809,19.2294

DATA,19.2389,0.0163,86834,19.2552

DATA,18.7372,-0.0011,86859,18.7361
DATA,18.7731,0.0763,86883,18.8494

DATA,19.9014,-0.0679,86908,19.8335

DATA,18.6667,-0.0148,86945,18.6518
DATA,14.0545,0.0734,86969,14.1279

DATA,10.7920,-0.0169,86994,10.7750
DATA,10.8273,-0.1104,87019,10.7168

DATA,11.4343,-0.0207,87043,11.4136

DATA,11.4895,-0.1043,87068,11.3851
DATA,11.5140,0.0072,87092,11.5213

DATA,11.3733,-0.0006,87117,11.3727
DATA,11.3718,0.0048,87142,11.3766

DATA,11.4584,-0.0129,87166,11.4455
DATA,11.4168,0.0357,87191,11.4526

DATA,11.7015,0.1347,87215,11.8362

DATA,12.0820,-0.0284,87240,12.0537
DATA,13.9685,-0.0484,87265,13.9201

DATA,15.3736,0.0263,87302,15.3998

DATA,15.8451,0.0611,87326,15.9061

DATA,15.8000,-0.0872,87351,15.7128

DATA,16.0231,0.0098,87375,16.0330
DATA,15.4848,-0.0260,87400,15.4588

DATA,15.6022,0.0032,87425,15.6054
DATA,16.4723,-0.0067,87449,16.4656

DATA,18.5740,0.1149,87474,18.6889

DATA,20.1686,-0.0227,87498,20.1459
DATA,21.4175,0.1378,87523,21.5552

DATA,21.8134,0.0021,87548,21.8155

DATA,21.7399,-0.0811,87572,21.6589

DATA,21.9946,0.1031,87597,22.0977

DATA,22.8265,0.0905,87634,22.9170

DATA,22.5710,0.1141,87658,22.6851
DATA,22.0697,-0.0398,87683,22.0298

DATA,21.3666,0.0443,87708,21.4109
DATA,20.6152,0.0813,87732,20.6965

DATA,19.3154,0.0617,87757,19.3771

DATA,17.8776,0.0997,87781,17.9773
DATA,16.6667,-0.0135,87806,16.6532

DATA,14.7860,-0.0248,87831,14.7612

DATA,12.0646,0.1061,87855,12.1706

DATA,11.6644,0.1635,87880,11.8279
DATA,11.5416,0.0366,87904,11.5782

DATA,11.5561,-0.0817,87929,11.4744

DATA,11.6290,-0.0053,87954,11.6237

DATA,11.4932,-0.0179,87990,11.4753
DATA,11.5923,0.0715,88015,11.6639

DATA,11.6357,0.0528,88040,11.6886

DATA,11.5743,-0.0363,88064,11.5380
DATA,12.9348,0.0139,88089,12.9487

DATA,11.4377,0.0161,88113,11.4537

DATA,12.0328,0.0516,88138,12.0844
DATA,15.0698,0.0130,88163,15.0828

DATA,17.9730,-0.0618,88187,17.9112

DATA,17.3796,-0.0317,88212,17.3479

DATA,16.7367,0.0000,88237,16.7367

DATA,18.0346,-0.0190,88261,18.0156

DATA,19.6766,0.0145,88286,19.6911
DATA,19.8919,0.0180,88310,19.9099

DATA,19.5616,0.0595,88347,19.6211
DATA,20.5015,-0.0875,88372,20.4140

DATA,22.6044,0.0234,88396,22.6278

DATA,24.1166,0.0225,88421,24.1391

DATA,25.0218,0.1127,88446,25.1345
DATA,24.4369,-0.0083,88470,24.4286

DATA,25.0269,0.0175,88495,25.0444

DATA,26.6009,0.0480,88519,26.6489

DATA,25.5518,0.0061,88544,25.5579
DATA,22.9074,0.0607,88569,22.9681

DATA,20.6514,0.0997,88593,20.7511
DATA,19.5694,-0.0196,88618,19.5498

DATA,19.2367,-0.0236,88642,19.2132

DATA,17.5221,0.0383,88667,17.5603

DATA,17.3504,0.0342,88704,17.3846

DATA,19.4843,0.0255,88729,19.5098
DATA,19.9097,-0.0679,88753,19.8418

DATA,17.8104,0.0494,88778,17.8598

DATA,15.3966,0.0221,88802,15.4187
DATA,15.8644,-0.0255,88827,15.8389

DATA,18.1508,-0.0550,88852,18.0958

DATA,18.3191,-0.0428,88876,18.2762
DATA,16.7197,0.0509,88901,16.7707

DATA,17.8329,0.0354,88925,17.8683

DATA,20.0463,0.0223,88950,20.0685

DATA,17.7878,0.0448,88975,17.8326
DATA,13.2806,-0.0048,88999,13.2758

DATA,10.9864,-0.0806,89024,10.9058

DATA,12.1026,0.0316,89061,12.1341

DATA,12.3448,0.1063,89085,12.4510
DATA,10.2616,0.0637,89110,10.3253

DATA,10.2868,0.0150,89135,10.3018

DATA,11.7816,-0.0600,89159,11.7216
DATA,11.8661,-0.1127,89184,11.7534

DATA,11.7770,0.1226,89208,11.8996

DATA,11.6950,-0.0446,89233,11.6504
DATA,13.7926,-0.0477,89258,13.7448

DATA,12.1207,0.2501,89282,12.3708

DATA,12.7969,0.0323,89307,12.8292
DATA,17.8345,-0.0124,89331,17.8221

DATA,19.8662,0.1619,89356,20.0281
DATA,19.3466,-0.0345,89381,19.3122

DATA,19.4947,0.0589,89418,19.5535

DATA,19.1568,-0.0767,89442,19.0801

DATA,19.6606,-0.1387,89467,19.5218
DATA,18.7154,0.0449,89491,18.7603

DATA,18.7066,0.0961,89516,18.8027
DATA,18.4885,-0.0086,89541,18.4799

DATA,17.4647,-0.0060,89565,17.4587

DATA,15.7154,-0.0154,89590,15.7000

DATA,15.3584,-0.1364,89614,15.2220

DATA,15.9475,0.0630,89639,16.0105
DATA,14.7550,0.2552,89664,15.0102

DATA,12.4108,0.4086,89688,12.8194

DATA,11.7353,-0.2186,89713,11.5167

DATA,11.8265,0.0131,89750,11.8396

DATA,11.8858,0.0936,89774,11.9794
DATA,11.8980,0.1019,89799,11.9999

DATA,11.8481,-0.0029,89823,11.8452
DATA,11.8067,0.0036,89848,11.8103

DATA,11.9209,0.1244,89873,12.0453
DATA,11.8705,-0.0306,89897,11.8399

DATA,11.8385,0.0462,89922,11.8846
DATA,11.8010,-0.0391,89946,11.7620

DATA,11.9256,0.0359,89971,11.9616
DATA,11.9183,-0.0189,89996,11.8994

DATA,11.9142,-0.0141,90020,11.9000
DATA,11.9116,0.0078,90045,11.9194

DATA,11.8910,-0.0874,90070,11.8036

DATA,11.7774,0.0909,90106,11.8683

DATA,11.8919,0.0932,90131,11.9850

DATA,11.8362,0.0012,90156,11.8373

DATA,11.8678,0.0143,90180,11.8821
DATA,11.8245,-0.0027,90205,11.8218

DATA,11.8384,0.0555,90229,11.8938

DATA,11.8676,-0.0583,90254,11.8092

DATA,11.8670,0.0726,90279,11.9396

DATA,11.8521,0.0677,90303,11.9198
DATA,11.8996,-0.0009,90328,11.8987

DATA,11.8700,0.0487,90352,11.9188

DATA,11.8269,-0.0781,90377,11.7488

DATA,11.8470,-0.0496,90402,11.7974
DATA,11.9278,0.1646,90426,12.0924

DATA,11.8371,-0.0011,90463,11.8359

DATA,11.8529,-0.0412,90488,11.8117
DATA,11.9295,0.0237,90512,11.9531

DATA,11.8403,0.1685,90537,12.0087

DATA,11.9705,0.0615,90562,12.0320

DATA,11.8021,-0.0494,90586,11.7528
DATA,11.8136,-0.0176,90611,11.7959

DATA,11.7991,-0.0263,90635,11.7728

DATA,11.8365,0.1128,90660,11.9494
DATA,11.8233,0.0798,90685,11.9032

DATA,11.7566,0.0835,90709,11.8401

DATA,11.8244,0.0353,90734,11.8597
DATA,11.9522,0.0559,90758,12.0081

DATA,11.8494,-0.0331,90783,11.8164

DATA,11.9100,0.0315,90820,11.9415

DATA,11.8244,-0.0461,90845,11.7783

DATA,11.8354,-0.0586,90869,11.7769

DATA,11.8859,-0.0497,90894,11.8362
DATA,11.8666,0.1236,90918,11.9902

DATA,11.8507,-0.0412,90943,11.8096

DATA,11.8038,-0.0290,90968,11.7748
DATA,11.7709,0.0269,90992,11.7978

DATA,11.9319,0.0191,91017,11.9509

DATA,11.8299,-0.1154,91041,11.7145
DATA,11.7876,0.0543,91066,11.8419

DATA,11.8226,-0.0152,91091,11.8075
DATA,11.9310,-0.0332,91115,11.8978

DATA,11.8144,-0.0317,91140,11.7827

DATA,11.8775,-0.0106,91177,11.8669

DATA,11.9201,0.0474,91201,11.9675
DATA,11.8774,-0.0881,91226,11.7894

DATA,11.8698,0.0251,91251,11.8949

DATA,11.7755,0.0330,91275,11.8085
DATA,11.7384,-0.0379,91300,11.7005

DATA,11.9493,0.0351,91324,11.9844

DATA,11.8117,0.0369,91349,11.8486
DATA,11.8921,0.0527,91374,11.9448

DATA,11.7931,0.0264,91398,11.8195

DATA,11.9758,0.0841,91423,12.0598
DATA,11.8277,0.0522,91447,11.8799

DATA,11.9169,0.0213,91472,11.9382

DATA,11.8159,0.0133,91497,11.8292

DATA,11.9462,-0.0869,91534,11.8593
DATA,11.9387,0.0568,91558,11.9955

DATA,11.9142,-0.0692,91583,11.8450

DATA,11.7247,0.0591,91607,11.7838
DATA,11.8235,-0.0102,91632,11.8133

DATA,11.8656,0.0381,91657,11.9037

DATA,11.8493,0.0804,91681,11.9297

DATA,11.8229,-0.0009,91706,11.8219
DATA,11.8163,-0.0379,91730,11.7784

DATA,11.7983,0.0496,91755,11.8479
DATA,11.8100,0.0840,91780,11.8940

DATA,11.7667,0.0431,91804,11.8098

DATA,11.8189,0.2027,91829,12.0216
DATA,11.9040,0.1100,91853,12.0140

DATA,11.8292,-0.1188,91890,11.7105
DATA,11.9210,-0.0022,91915,11.9188

DATA,11.7636,-0.0098,91940,11.7538

DATA,11.7869,-0.0492,91964,11.7377
DATA,11.8598,0.0147,91989,11.8745

DATA,11.7414,-0.0355,92013,11.7059

DATA,11.8884,0.0428,92038,11.9312
DATA,11.8373,0.0047,92063,11.8420

DATA,11.7173,0.0098,92087,11.7272

DATA,11.8650,-0.0530,92112,11.8120
DATA,11.8144,-0.0215,92136,11.7928

DATA,11.7896,-0.1223,92161,11.6674

DATA,11.7013,-0.0484,92186,11.6529

DATA,11.9099,-0.0372,92222,11.8726

DATA,11.8995,0.0319,92247,11.9314

DATA,11.8562,-0.0394,92272,11.8168
DATA,11.8284,0.0038,92296,11.8321
DATA,11.9641,0.1195,92321,12.0836

DATA,11.9674,0.0704,92346,12.0378

DATA,11.7503,0.1281,92370,11.8784
DATA,11.7882,0.0216,92395,11.8098

DATA,11.8171,0.0369,92419,11.8540

DATA,11.7849,0.0332,92444,11.8181

DATA,11.9517,0.0407,92469,11.9924
DATA,11.8750,0.0797,92493,11.9547

DATA,11.7827,-0.0621,92518,11.7206

DATA,11.8942,-0.0303,92542,11.8639

DATA,11.7701,-0.0397,92579,11.7303

DATA,11.7657,0.0223,92604,11.7879
DATA,11.8900,0.0305,92628,11.9205

DATA,11.8767,0.0707,92653,11.9475

DATA,11.8284,0.0469,92678,11.8753

DATA,11.8807,-0.0505,92702,11.8301

DATA,11.8317,-0.0658,92727,11.7659
DATA,11.8626,-0.0224,92751,11.8402

DATA,11.8708,0.0304,92776,11.9012

DATA,11.8782,-0.0016,92801,11.8766
DATA,11.8319,0.0227,92825,11.8545

DATA,11.7273,0.0552,92850,11.7825

DATA,11.9275,0.0198,92875,11.9473

DATA,11.9838,0.0184,92899,12.0021

DATA,11.7613,0.0045,92936,11.7658
DATA,11.8483,0.1184,92961,11.9667

DATA,11.8154,-0.0024,92985,11.8130

DATA,11.9201,-0.0421,93010,11.8780

DATA,11.8627,-0.0141,93034,11.8486
DATA,11.8420,0.1329,93059,11.9749

DATA,11.8221,-0.0438,93084,11.7782

DATA,11.9144,0.0911,93108,12.0054

DATA,11.8654,0.0731,93133,11.9384
DATA,11.8653,0.0538,93157,11.9191

DATA,11.9387,0.1027,93182,12.0414

DATA,11.8422,0.1083,93207,11.9505
DATA,11.7952,0.0835,93231,11.8787

DATA,11.8770,0.1455,93256,12.0225

DATA,11.8771,0.0411,93293,11.9182

DATA,11.9193,0.0413,93317,11.9606

DATA,11.8425,-0.0286,93342,11.8139
DATA,11.8392,0.1662,93367,12.0054

DATA,11.7751,-0.0095,93391,11.7656
DATA,11.8727,-0.0022,93416,11.8706

DATA,11.8305,-0.0018,93440,11.8287
DATA,11.9106,-0.0529,93465,11.8577

DATA,11.8746,0.0524,93490,11.9269

DATA,11.8902,-0.0609,93514,11.8293
DATA,11.7396,0.0324,93539,11.7720

DATA,11.9015,-0.0705,93564,11.8310

DATA,11.8857,-0.0482,93588,11.8375
DATA,11.9346,-0.0169,93613,11.9176

DATA,12.0230,-0.0584,93650,11.9645

DATA,11.8224,-0.0469,93674,11.7755
DATA,11.7840,-0.0346,93699,11.7494

DATA,11.7968,-0.1137,93723,11.6831

DATA,11.8581,-0.0601,93748,11.7980
DATA,11.8010,0.1189,93773,11.9200

DATA,11.8626,0.0461,93797,11.9087

DATA,11.8113,-0.0372,93822,11.7741
DATA,11.9656,-0.0894,93846,11.8761

DATA,11.8028,-0.0199,93871,11.7829

DATA,11.8302,0.0800,93896,11.9102

DATA,11.8229,-0.0978,93920,11.7251
DATA,11.7700,0.0398,93945,11.8098

DATA,11.8617,0.0346,93969,11.8963

DATA,11.8517,0.0356,94006,11.8873

DATA,11.8672,0.1024,94031,11.9696

DATA,11.8066,0.0181,94056,11.8247
DATA,11.7545,0.0168,94080,11.7713

DATA,11.7398,0.0953,94105,11.8351

DATA,11.9695,0.0361,94129,12.0056
DATA,11.8897,-0.1063,94154,11.7835

DATA,11.8857,-0.1379,94179,11.7478
DATA,11.8230,-0.0259,94203,11.7971

DATA,11.8907,-0.0063,94228,11.8844
DATA,11.8788,-0.0069,94252,11.8718

DATA,11.8595,-0.1283,94277,11.7313
DATA,11.8447,0.0006,94302,11.8452

DATA,11.9269,0.0460,94326,11.9729
DATA,11.7836,-0.0858,94363,11.6978

DATA,11.8571,0.0243,94388,11.8813
DATA,11.8996,-0.1982,94412,11.7015

DATA,11.8172,0.0448,94437,11.8620

DATA,11.7718,-0.0916,94462,11.6802
DATA,11.7231,-0.0470,94486,11.6761

DATA,11.7831,0.0823,94511,11.8654

DATA,11.7941,-0.0089,94535,11.7852
DATA,11.8631,0.0691,94560,11.9322

DATA,11.8814,-0.0551,94585,11.8263

DATA,11.8719,-0.0484,94609,11.8235
DATA,11.7870,-0.0839,94634,11.7031

DATA,11.8047,0.0862,94658,11.8909

DATA,11.7792,-0.0626,94695,11.7166

DATA,11.9537,0.0244,94720,11.9781
DATA,11.8311,-0.0494,94745,11.7817

DATA,11.8458,0.0225,94769,11.8682

DATA,11.7275,0.1306,94794,11.8581

DATA,11.8607,-0.0146,94818,11.8461
DATA,11.8181,0.1060,94843,11.9241

DATA,11.8102,-0.0139,94868,11.7962

DATA,11.9056,0.0178,94892,11.9234
DATA,11.8825,0.0971,94917,11.9797

DATA,11.8468,-0.0956,94941,11.7512

DATA,11.7927,0.1168,94966,11.9095

DATA,11.7549,0.1092,94991,11.8641
DATA,11.8124,0.0397,95015,11.8521

DATA,11.7830,0.0434,95052,11.8264
DATA,11.8581,-0.0013,95077,11.8568

DATA,11.9494,-0.0729,95101,11.8765

DATA,11.8371,0.0387,95126,11.8757
DATA,11.8558,0.0277,95150,11.8835

DATA,11.9040,-0.0700,95175,11.8340

DATA,11.8847,-0.0061,95200,11.8786

DATA,11.8084,0.0540,95224,11.8624
DATA,11.8818,0.0808,95249,11.9626

DATA,11.7781,-0.0621,95273,11.7160

DATA,11.8432,0.0495,95298,11.8928
DATA,11.8154,0.0573,95323,11.8727

DATA,11.7883,0.0275,95347,11.8157
DATA,11.8824,0.0487,95372,11.9311

DATA,11.8459,0.0452,95409,11.8911

DATA,11.9359,0.0753,95433,12.0112

DATA,11.6998,-0.0445,95458,11.6553
DATA,11.8667,-0.0978,95483,11.7689

DATA,11.9056,0.0106,95507,11.9162
DATA,11.7528,0.1048,95532,11.8576

DATA,11.7382,-0.0385,95556,11.6997

DATA,11.8510,-0.0601,95581,11.7910
DATA,11.7985,0.0883,95606,11.8868

DATA,11.7226,-0.1124,95630,11.6102

DATA,11.6910,0.1680,95655,11.8590
DATA,11.9165,0.0364,95679,11.9529

DATA,11.8383,0.0828,95704,11.9211
DATA,11.9000,-0.0317,95729,11.8683

DATA,11.8035,-0.0028,95766,11.8006

DATA,11.8648,-0.0607,95790,11.8041
DATA,11.8284,0.0248,95815,11.8532

DATA,11.7630,0.0372,95839,11.8002

DATA,11.8476,-0.0052,95864,11.8424
DATA,11.8480,-0.0694,95889,11.7786

DATA,11.7400,0.0809,95913,11.8210

DATA,11.7611,0.0392,95938,11.8003
DATA,11.8063,-0.0510,95962,11.7553

DATA,11.8295,-0.0099,95987,11.8196

DATA,11.7857,0.1141,96012,11.8998

DATA,11.9191,-0.0352,96036,11.8840

DATA,11.7974,0.0795,96061,11.8769
DATA,11.8121,-0.0709,96085,11.7412

DATA,11.8819,0.0788,96122,11.9607
DATA,11.7509,0.0144,96147,11.7653

DATA,11.8461,0.1030,96171,11.9491
DATA,11.7487,-0.0529,96196,11.6958

DATA,11.8513,-0.0814,96221,11.7699
DATA,11.9055,0.1183,96245,12.0238
DATA,11.8150,-0.0163,96270,11.7987

DATA,11.7879,0.0666,96295,11.8545
DATA,11.7419,-0.0177,96319,11.7242

DATA,11.8222,-0.0322,96344,11.7900
DATA,11.8291,0.0863,96368,11.9154

DATA,11.8116,-0.0293,96393,11.7823

DATA,11.8735,0.1422,96418,12.0157
DATA,11.7940,0.0122,96454,11.8062

DATA,11.8963,0.0968,96479,11.9932

DATA,11.9588,-0.0084,96504,11.9504
DATA,11.8223,0.0551,96528,11.8774

DATA,11.8939,0.0276,96553,11.9216

DATA,11.8443,0.1215,96577,11.9658
DATA,11.8502,-0.0239,96602,11.8263

DATA,11.7994,0.0492,96627,11.8485

DATA,11.9079,-0.0437,96651,11.8642
DATA,11.8704,0.0161,96676,11.8865

DATA,11.8504,-0.1689,96700,11.6815

DATA,11.8261,-0.0085,96725,11.8176
DATA,11.8000,0.0545,96750,11.8545

DATA,11.8341,0.0390,96774,11.8731

DATA,11.8719,-0.0274,96811,11.8445
DATA,11.7727,0.0192,96836,11.7920

DATA,11.8782,0.0240,96860,11.9022

DATA,11.8324,0.0983,96885,11.9307
DATA,11.8441,-0.0546,96910,11.7895

DATA,11.9233,0.0914,96934,12.0147

DATA,11.9235,0.0609,96959,11.9844
DATA,11.9257,0.1744,96983,12.1002

DATA,11.7522,0.0115,97008,11.7637

DATA,11.7163,-0.1017,97033,11.6146
DATA,11.8064,0.0114,97057,11.8178

DATA,11.7420,-0.0599,97082,11.6821

DATA,11.9578,-0.0928,97106,11.8650
DATA,11.8912,-0.0932,97131,11.7980

DATA,11.8572,-0.0608,97168,11.7964

DATA,11.9143,-0.0752,97193,11.8391
DATA,11.9736,-0.0216,97217,11.9520

DATA,11.8936,-0.0416,97242,11.8520

DATA,11.9412,0.0511,97266,11.9924
DATA,11.8938,0.0378,97291,11.9316

DATA,11.9309,0.0114,97316,11.9423
DATA,11.9563,-0.0414,97340,11.9149

DATA,11.7499,-0.0825,97365,11.6674

DATA,11.7824,-0.0051,97389,11.7773
DATA,11.9324,0.1468,97414,12.0792

DATA,11.8983,-0.0171,97439,11.8812

DATA,11.9363,0.0117,97463,11.9480
DATA,11.8629,-0.0714,97488,11.7915

DATA,11.7865,0.0631,97525,11.8496
DATA,11.8809,0.0027,97549,11.8837

DATA,11.8384,0.0546,97574,11.8929

DATA,11.8714,-0.0091,97599,11.8623
DATA,11.8477,-0.0671,97623,11.7806

DATA,11.8571,0.0065,97648,11.8635

DATA,11.9691,-0.0933,97672,11.8758
DATA,11.8931,-0.0059,97697,11.8872

DATA,11.9568,0.0564,97722,12.0132
DATA,11.9386,-0.0428,97746,11.8958

DATA,12.0077,0.0929,97771,12.1007

DATA,11.8259,-0.0219,97795,11.8040

DATA,11.9880,0.0806,97820,12.0686

DATA,11.9532,-0.0104,97845,11.9428

DATA,11.8911,0.0061,97881,11.8972

DATA,11.8422,0.0527,97906,11.8949
DATA,11.8657,0.0103,97931,11.8760

DATA,11.8472,-0.1009,97955,11.7462

DATA,11.8562,0.0567,97980,11.9130
DATA,11.9209,-0.0424,98004,11.8785

DATA,11.8264,-0.0257,98029,11.8007

DATA,11.8850,-0.0236,98054,11.8614
DATA,11.9843,0.0950,98078,12.0793

DATA,11.9173,0.0998,98103,12.0171

DATA,11.8787,0.0178,98128,11.8966
DATA,11.8438,-0.0045,98152,11.8392

DATA,11.9257,0.0941,98177,12.0198

DATA,11.9689,0.0164,98201,11.9853

DATA,11.9215,0.1003,98238,12.0218

DATA,11.9430,0.1139,98263,12.0569

DATA,11.8713,-0.0155,98287,11.8558

DATA,11.9193,0.0771,98312,11.9964

DATA,11.9843,0.0616,98337,12.0459
DATA,11.8812,0.0880,98361,11.9692
DATA,12.0150,0.0586,98386,12.0736

DATA,11.8648,-0.0929,98410,11.7719
DATA,11.8436,0.0332,98435,11.8767

DATA,11.8910,-0.0011,98460,11.8899
DATA,11.9462,0.0227,98484,11.9689

DATA,11.8474,0.0687,98509,11.9161

DATA,11.9103,0.1260,98534,12.0363
DATA,11.9757,-0.0053,98570,11.9704

DATA,11.9816,0.1404,98595,12.1220

DATA,11.9782,-0.0527,98620,11.9256
DATA,11.8529,0.0842,98644,11.9370

DATA,11.8803,-0.0384,98669,11.8419
DATA,12.0054,0.0171,98693,12.0225

DATA,11.8863,0.0312,98718,11.9175
DATA,11.9691,-0.0402,98743,11.9289

DATA,11.8129,0.1022,98767,11.9151

DATA,11.9557,-0.0356,98792,11.9201
DATA,11.8498,0.0625,98816,11.9123

DATA,11.8786,0.0113,98841,11.8899
DATA,11.9751,0.1011,98866,12.0762

DATA,11.9647,-0.0005,98890,11.9642

DATA,11.8366,0.0603,98927,11.8969

DATA,11.9796,0.0224,98952,12.0019
DATA,11.9345,0.0503,98976,11.9848

DATA,11.9161,0.0146,99001,11.9308
DATA,12.0244,0.0083,99026,12.0327

DATA,11.9657,0.0305,99050,11.9962
DATA,12.0029,0.1531,99075,12.1560

DATA,11.9934,0.0378,99099,12.0312

DATA,11.9909,0.0655,99124,12.0564
DATA,11.8343,0.0599,99149,11.8942

DATA,11.9411,-0.0281,99173,11.9130

DATA,11.9703,0.1339,99198,12.1042
DATA,12.0308,-0.0671,99222,11.9638

DATA,11.9782,0.0678,99247,12.0460

DATA,11.8911,-0.0706,99284,11.8205
DATA,11.8612,0.1101,99308,11.9713

DATA,11.9767,-0.2097,99333,11.7670

DATA,11.8767,-0.0701,99358,11.8066
DATA,11.8830,-0.0530,99382,11.8300

DATA,11.9472,-0.0891,99407,11.8581

DATA,11.8313,0.0444,99431,11.8757
DATA,11.7940,0.0883,99456,11.8823

DATA,11.9632,0.0238,99481,11.9870

DATA,11.9106,0.1328,99505,12.0435
DATA,11.9393,0.1152,99530,12.0544

DATA,11.8667,0.0334,99555,11.9001

DATA,11.9555,-0.0953,99579,11.8602

DATA,11.9540,0.0192,99604,11.9731
DATA,11.9505,0.0177,99641,11.9682

DATA,11.9065,0.1686,99665,12.0751

DATA,11.9360,0.0209,99690,11.9568

DATA,11.9466,0.1286,99714,12.0753

DATA,11.9515,-0.0471,99739,11.9045
DATA,12.0153,0.0016,99764,12.0169

DATA,11.9495,-0.0756,99788,11.8739
DATA,11.9346,-0.0486,99813,11.8861

DATA,11.8269,0.0746,99837,11.9015
DATA,11.8623,0.0154,99862,11.8777

DATA,11.8542,-0.0252,99887,11.8290

DATA,11.9258,0.0128,99911,11.9387
DATA,11.8684,0.0674,99936,11.9358

DATA,11.8732,0.0135,99960,11.8867
DATA,12.0040,-0.0756,99997,11.9284

DATA,11.7992,0.0986,100022,11.8978
DATA,11.7977,0.0788,100047,11.8765

DATA,11.9404,0.0320,100071,11.9724

DATA,11.9346,-0.0019,100096,11.9326
DATA,11.9874,0.0075,100120,11.9949

DATA,11.9195,-0.0382,100145,11.8814

DATA,11.9736,0.0634,100170,12.0370
DATA,11.8632,0.0305,100194,11.8936

DATA,11.9191,0.1132,100219,12.0323

DATA,11.9085,0.0093,100243,11.9179
DATA,11.9047,0.0553,100268,11.9599

DATA,11.9737,0.0428,100293,12.0165
DATA,11.9010,0.0064,100330,11.9074

DATA,12.0049,-0.0325,100354,11.9724
DATA,11.9170,0.0984,100379,12.0155
DATA,11.9754,0.0213,100403,11.9967

DATA,11.8749,-0.0787,100428,11.7962
DATA,11.8886,-0.2126,100453,11.6760

DATA,11.9769,0.0223,100477,11.9992
DATA,11.9213,0.1599,100502,12.0812

DATA,11.9275,0.0544,100526,11.9819
DATA,11.9641,0.0697,100551,12.0338

DATA,12.0186,0.1439,100576,12.1626
DATA,12.0726,-0.0756,100600,11.9971

DATA,11.8547,0.0272,100625,11.8819

DATA,11.9901,0.0823,100649,12.0724

DATA,11.8892,-0.0014,100686,11.8878
DATA,11.8955,0.0173,100711,11.9128

DATA,12.0360,0.0101,100736,12.0460
DATA,11.8336,0.0428,100760,11.8764

DATA,11.8771,0.0042,100785,11.8813

DATA,12.0057,0.0433,100809,12.0490
DATA,11.8738,0.0394,100834,11.9132

DATA,11.9862,0.0251,100859,12.0113
DATA,12.0608,0.1424,100883,12.2032

DATA,12.0264,-0.0739,100908,11.9525

DATA,11.8951,-0.0756,100932,11.8195
DATA,11.9444,-0.0435,100957,11.9009

DATA,11.9420,0.0541,100982,11.9961
DATA,11.9160,0.0480,101006,11.9640

DATA,12.0069,0.0931,101043,12.1000
DATA,11.9492,0.0712,101068,12.0204

DATA,11.9277,-0.0687,101092,11.8590
DATA,11.8508,-0.0292,101117,11.8216

DATA,11.9409,0.0159,101142,11.9568
DATA,11.9351,0.0519,101166,11.9870

DATA,11.9007,0.0065,101191,11.9072
DATA,11.8725,0.0504,101215,11.9229
DATA,11.8569,0.0051,101240,11.8620

DATA,11.9568,0.0322,101265,11.9890
DATA,11.9598,0.0264,101289,11.9862

DATA,11.8731,-0.1422,101314,11.7309
DATA,11.8504,-0.0104,101338,11.8400

DATA,11.8176,0.0686,101363,11.8862

DATA,11.9164,0.0300,101400,11.9464
DATA,11.9363,-0.0821,101424,11.8542

DATA,12.0002,0.0043,101449,12.0045

DATA,11.9103,-0.0476,101474,11.8627
DATA,11.9818,0.0331,101498,12.0149

DATA,11.9856,-0.0158,101523,11.9698

DATA,11.9246,-0.0536,101548,11.8710
DATA,11.9319,-0.0195,101572,11.9123

DATA,11.9534,-0.0014,101597,11.9519
DATA,11.8985,0.0113,101621,11.9098

DATA,12.0497,-0.0013,101646,12.0484

DATA,11.9862,0.0602,101671,12.0464
DATA,11.8759,-0.0166,101695,11.8593

DATA,11.8614,0.0893,101720,11.9507

DATA,11.9396,-0.0485,101757,11.8911

DATA,11.8132,0.0497,101781,11.8629
DATA,11.8543,0.1407,101806,11.9950

DATA,11.9457,0.1385,101830,12.0842

DATA,11.9126,0.0483,101855,11.9609
DATA,11.8881,0.0332,101880,11.9213

DATA,11.8733,0.0685,101904,11.9419

DATA,11.8912,0.0725,101929,11.9637
DATA,11.8671,0.0926,101953,11.9597

DATA,11.8877,-0.0602,101978,11.8275

DATA,11.7804,-0.1322,102003,11.6482
DATA,11.8494,0.0326,102027,11.8820

DATA,11.9846,0.0217,102052,12.0063

DATA,11.9124,0.0037,102089,11.9161
DATA,11.8384,-0.0322,102113,11.8062

DATA,11.9053,-0.0811,102138,11.8242

DATA,11.9001,0.0242,102163,11.9243
DATA,11.8578,0.1595,102187,12.0173

DATA,11.8820,0.0349,102212,11.9169
DATA,11.8999,-0.0714,102236,11.8285

DATA,11.9513,0.0317,102261,11.9830

DATA,11.8805,-0.0078,102286,11.8726

DATA,11.7895,-0.0138,102310,11.7757
DATA,11.7983,-0.0421,102335,11.7563

DATA,11.8001,0.0052,102359,11.8052
DATA,11.9013,-0.0327,102384,11.8685

DATA,11.8330,0.0054,102409,11.8384

DATA,11.8754,0.1051,102446,11.9805

DATA,11.9255,0.0261,102470,11.9515
DATA,11.8465,0.0323,102495,11.8788

DATA,11.8849,-0.0913,102519,11.7936

DATA,11.8551,0.0885,102544,11.9437
DATA,11.8714,0.0087,102569,11.8801

DATA,11.9053,0.0909,102593,11.9963
DATA,12.0026,-0.1295,102618,11.8731

DATA,11.8953,0.1013,102642,11.9966

DATA,11.7384,-0.1026,102667,11.6358

DATA,11.9735,-0.0642,102692,11.9093
DATA,11.8797,0.0100,102716,11.8897

DATA,11.9612,0.0304,102741,11.9916

DATA,11.8775,0.1278,102765,12.0053

DATA,11.8846,-0.0270,102802,11.8576
DATA,11.8852,-0.0636,102827,11.8216

DATA,11.8566,0.0174,102851,11.8740

DATA,11.8105,-0.0243,102876,11.7862
DATA,11.9568,0.0131,102901,11.9699

DATA,11.8197,-0.0579,102925,11.7618

DATA,11.7933,0.1030,102950,11.8963
DATA,11.7600,-0.0997,102974,11.6602

DATA,11.8079,0.0032,102999,11.8111

DATA,11.8813,0.0599,103024,11.9412
DATA,11.7784,0.1244,103048,11.9028

DATA,11.9221,0.0695,103073,11.9915
DATA,11.9173,0.0511,103097,11.9685

DATA,11.8901,0.1721,103122,12.0623

DATA,11.8653,0.1165,103159,11.9817

DATA,11.9224,-0.1042,103184,11.8183
DATA,11.8980,-0.0675,103208,11.8305

DATA,11.9785,0.0224,103233,12.0008

DATA,11.8120,-0.1679,103257,11.6441
DATA,11.8845,0.0509,103282,11.9355

DATA,11.9403,0.0899,103307,12.0301

DATA,11.8523,-0.0424,103331,11.8098
DATA,11.9368,0.0292,103356,11.9660

DATA,11.8458,-0.0215,103380,11.8243

DATA,11.8575,-0.1667,103405,11.6908
DATA,11.8894,0.0915,103430,11.9809

DATA,11.8825,0.0524,103454,11.9350

DATA,11.9143,0.1269,103479,12.0412

DATA,11.8380,0.0273,103516,11.8653

DATA,11.8104,-0.0542,103540,11.7562
DATA,11.9049,-0.0169,103565,11.8880

DATA,11.9371,0.0750,103590,12.0121

DATA,11.8635,0.0193,103614,11.8828
DATA,11.8215,0.0593,103639,11.8808

DATA,11.9252,0.0843,103663,12.0094
DATA,11.8241,0.0846,103688,11.9087

DATA,11.7659,-0.0631,103713,11.7028

DATA,11.8562,-0.0019,103737,11.8543
DATA,11.8000,-0.0432,103762,11.7568

DATA,11.9378,-0.0466,103786,11.8912
DATA,11.8860,0.0408,103811,11.9268

DATA,11.8173,-0.0627,103848,11.7547

DATA,11.8442,0.0286,103873,11.8728

DATA,11.8933,0.0332,103897,11.9265
DATA,11.8715,0.0127,103922,11.8842

DATA,11.8805,-0.0236,103946,11.8569

DATA,11.8075,-0.0099,103971,11.7975
DATA,11.9381,0.1063,103996,12.0444

DATA,11.9234,0.0917,104020,12.0151

DATA,11.7690,0.0486,104045,11.8176
DATA,11.8653,-0.0102,104069,11.8551

DATA,11.9373,0.1042,104094,12.0415

DATA,11.8573,0.1278,104119,11.9851
DATA,11.7638,0.0142,104143,11.7780

DATA,11.9293,0.0972,104168,12.0265

DATA,11.8619,0.1347,104205,11.9966

DATA,11.7640,0.0150,104229,11.7790
DATA,11.8543,0.1052,104254,11.9595

DATA,11.9100,-0.0474,104279,11.8625

DATA,11.8485,-0.0396,104303,11.8089

DATA,11.9341,0.0259,104328,11.9601
DATA,11.8252,0.0441,104352,11.8693

DATA,11.8365,-0.0772,104377,11.7594
DATA,11.8567,-0.0199,104402,11.8368

DATA,11.9235,0.0738,104426,11.9973
DATA,11.9256,-0.1476,104451,11.7780

DATA,11.8618,0.0677,104475,11.9295

DATA,11.9408,-0.0684,104500,11.8725
DATA,11.7701,-0.0566,104525,11.7135

DATA,11.8635,-0.0542,104562,11.8093

DATA,11.9029,-0.0559,104586,11.8470

DATA,11.9371,-0.0489,104611,11.8881

DATA,11.8547,0.0495,104635,11.9042
DATA,11.8654,-0.0213,104660,11.8441

DATA,11.9379,-0.0918,104685,11.8462
DATA,11.8814,0.0296,104709,11.9110

DATA,11.8421,-0.0863,104734,11.7558
DATA,11.8888,-0.1403,104758,11.7486
DATA,11.8266,0.0484,104783,11.8750

DATA,11.9348,-0.1564,104808,11.7784
DATA,11.9047,-0.0885,104832,11.8162
DATA,11.9089,0.0913,104857,12.0002

DATA,11.8557,-0.0120,104881,11.8437
DATA,11.9326,0.0590,104918,11.9916

DATA,11.9589,0.0518,104943,12.0108
DATA,11.9650,-0.0735,104968,11.8915
DATA,11.8064,-0.0808,104992,11.7256

DATA,11.8802,0.0129,105017,11.8931
DATA,11.8440,-0.1025,105041,11.7415

DATA,11.9110,0.1339,105066,12.0448
DATA,11.8089,0.0765,105091,11.8854

DATA,11.9565,0.0966,105115,12.0531

DATA,11.7756,0.0113,105140,11.7869
DATA,11.8471,0.0317,105164,11.8788

DATA,11.8819,0.0261,105189,11.9079

DATA,11.8445,-0.0452,105214,11.7993

DATA,11.9142,-0.1266,105238,11.7875

DATA,11.8703,0.0319,105275,11.9023
DATA,11.8427,0.0434,105300,11.8861

DATA,11.9027,0.0116,105324,11.9143

DATA,11.8887,0.0142,105349,11.9029
DATA,11.8527,0.0042,105373,11.8569

DATA,11.9850,-0.0728,105398,11.9122

DATA,11.8640,-0.1485,105423,11.7155
DATA,11.8349,-0.0803,105447,11.7545

DATA,11.8670,0.0801,105472,11.9471
DATA,11.8472,0.0168,105496,11.8641

DATA,11.8028,-0.0627,105521,11.7400
DATA,11.8511,-0.0534,105546,11.7977
DATA,11.8719,-0.0463,105570,11.8256

DATA,11.9766,-0.0100,105607,11.9666
DATA,11.8611,0.0044,105632,11.8655

DATA,11.7835,-0.0029,105656,11.7805

DATA,11.9720,0.0154,105681,11.9874

DATA,11.8518,-0.0856,105706,11.7662
DATA,11.7574,0.0125,105730,11.7700

DATA,11.9388,0.0937,105755,12.0325
DATA,11.9405,-0.1099,105779,11.8306

DATA,11.9060,-0.0063,105804,11.8997

DATA,11.9345,-0.0297,105829,11.9048

DATA,11.8463,-0.0008,105853,11.8454
DATA,11.9036,0.1066,105878,12.0102

DATA,11.7788,-0.0195,105902,11.7593
DATA,11.9334,0.0522,105927,11.9855

DATA,11.8590,0.0397,105964,11.8987

DATA,11.7912,0.0885,105989,11.8798
DATA,11.9252,-0.0074,106013,11.9177

DATA,11.7700,0.0349,106038,11.8049
DATA,11.8658,0.1055,106062,11.9713

DATA,11.8628,0.0115,106087,11.8743
DATA,11.8362,-0.0975,106112,11.7386
DATA,11.7788,-0.0463,106136,11.7326

DATA,11.8629,-0.0258,106161,11.8371
DATA,11.7819,0.0171,106185,11.7990

DATA,11.8950,0.0098,106210,11.9048
DATA,11.8792,0.0568,106235,11.9361

DATA,11.9642,-0.0200,106259,11.9442
DATA,11.7996,-0.0081,106284,11.7916

DATA,11.8626,-0.1018,106321,11.7607

DATA,12.0112,-0.0840,106345,11.9272

DATA,11.8527,0.0069,106370,11.8596
DATA,11.9523,0.0036,106395,11.9559

DATA,11.9071,0.0189,106419,11.9260
DATA,11.8894,0.0307,106444,11.9201

DATA,11.8031,-0.0635,106468,11.7396

DATA,11.8753,0.2586,106493,12.1338

DATA,11.9146,0.0888,106518,12.0035
DATA,11.8883,0.0301,106542,11.9183

DATA,11.9754,0.0040,106567,11.9794
DATA,11.8620,0.0899,106591,11.9519

DATA,11.8938,-0.0504,106616,11.8434
DATA,11.7417,-0.1252,106641,11.6166

DATA,11.9122,0.0449,106678,11.9572

DATA,11.8471,0.0793,106702,11.9263
DATA,11.8079,0.0994,106727,11.9073

DATA,11.8930,0.0703,106751,11.9633

DATA,11.9263,-0.0318,106776,11.8945

DATA,11.9191,-0.0488,106801,11.8703
DATA,11.8790,0.0608,106825,11.9398

DATA,11.9066,-0.0945,106850,11.8121

DATA,11.8086,-0.0050,106874,11.8036
DATA,11.9177,0.0887,106899,12.0064

DATA,11.8237,0.0519,106924,11.8757

DATA,11.8254,-0.0434,106948,11.7820
DATA,11.8606,-0.0199,106973,11.8407

DATA,11.8318,0.0457,106997,11.8774

DATA,11.8376,0.1131,107034,11.9507
DATA,11.8305,-0.0319,107059,11.7986

DATA,11.9145,0.0749,107083,11.9895

DATA,11.9740,0.0642,107108,12.0382
DATA,11.9068,-0.0526,107133,11.8541

DATA,11.7500,-0.0179,107157,11.7321
DATA,11.8546,-0.0262,107182,11.8284

DATA,11.8479,0.0175,107206,11.8653

DATA,11.9283,-0.0034,107231,11.9249

DATA,11.8888,-0.0112,107256,11.8777
DATA,11.8927,-0.0498,107280,11.8428

DATA,11.9435,0.0300,107305,11.9735
DATA,11.9594,0.0225,107330,11.9819

DATA,11.8692,0.1323,107366,12.0015

DATA,11.8648,0.0425,107391,11.9073

DATA,11.9328,0.0161,107416,11.9489
DATA,11.7943,0.1214,107440,11.9158

DATA,11.8932,0.0143,107465,11.9074

DATA,11.8016,-0.0814,107489,11.7202
DATA,11.7298,-0.0495,107514,11.6803

DATA,11.8140,0.0080,107539,11.8220
DATA,11.8936,0.0098,107563,11.9034

DATA,11.8465,0.0169,107588,11.8634

DATA,11.8911,-0.0112,107612,11.8799
DATA,11.8342,0.0074,107637,11.8416

DATA,11.7817,0.1233,107662,11.9050

DATA,11.8511,-0.0477,107686,11.8034
DATA,11.8471,-0.0328,107723,11.8142

DATA,11.9186,0.0036,107748,11.9222

DATA,11.7194,-0.1227,107772,11.5968
DATA,11.9150,-0.0006,107797,11.9144

DATA,11.9106,0.0699,107822,11.9806

DATA,11.8999,-0.0473,107846,11.8526
DATA,11.8121,0.1013,107871,11.9134

DATA,11.8794,0.0548,107895,11.9342

DATA,11.8960,-0.0628,107920,11.8332

DATA,11.7493,0.0514,107945,11.8006
DATA,11.9257,0.0107,107969,11.9364

DATA,11.9630,-0.0185,107994,11.9446
DATA,12.0319,-0.0371,108018,11.9948

DATA,11.9419,0.0248,108043,11.9667

DATA,11.8620,-0.1099,108080,11.7521

DATA,11.9212,-0.1267,108105,11.7944

DATA,11.8363,-0.0298,108129,11.8065
DATA,11.8627,0.0147,108154,11.8775

DATA,11.9515,-0.1165,108178,11.8349

DATA,11.7629,-0.0541,108203,11.7088
DATA,11.9205,0.0194,108228,11.9399

DATA,11.8691,-0.1010,108252,11.7681

DATA,11.9114,-0.0485,108277,11.8630
DATA,11.8883,0.0195,108301,11.9077

DATA,11.8188,-0.0677,108326,11.7510
DATA,11.8122,0.0698,108351,11.8820

DATA,11.8224,0.0447,108375,11.8671

DATA,11.9645,0.0491,108400,12.0136
DATA,11.8934,0.0328,108437,11.9262

DATA,11.8419,-0.0683,108461,11.7736

DATA,11.8776,0.0457,108486,11.9234
DATA,11.9025,0.0813,108511,11.9837

DATA,11.8301,-0.0231,108535,11.8071
DATA,11.8799,-0.0263,108560,11.8537

DATA,11.9517,0.0626,108584,12.0144

DATA,11.7922,0.1068,108609,11.8990
DATA,11.8383,0.1342,108634,11.9725

DATA,11.8671,-0.0529,108658,11.8142

DATA,11.8413,-0.0172,108683,11.8241

DATA,11.8165,0.0295,108707,11.8460

DATA,11.7344,0.0098,108732,11.7442
DATA,11.9745,0.0411,108757,12.0156

DATA,11.8694,0.1101,108793,11.9795

DATA,11.9552,0.0104,108818,11.9656
DATA,11.8972,0.0541,108843,11.9512

DATA,11.9356,-0.0307,108867,11.9049

DATA,11.9061,0.0640,108892,11.9701
DATA,11.8260,0.0667,108917,11.8927

DATA,11.8611,-0.0063,108941,11.8548

DATA,11.7990,-0.0008,108966,11.7982
DATA,11.9383,-0.0013,108990,11.9369
DATA,11.8751,0.0888,109015,11.9638

DATA,11.8271,-0.0035,109040,11.8236

DATA,11.7569,0.0246,109064,11.7815
DATA,11.9327,-0.0017,109089,11.9309
DATA,11.9017,86.9965,109113,98.8982

DATA,11.8391,-0.0129,109150,11.8262

DATA,11.8683,0.0251,109175,11.8933

DATA,11.8398,0.0777,109199,11.9175

DATA,11.8361,0.0901,109224,11.9261
DATA,11.8686,0.0131,109249,11.8816

DATA,11.8962,0.0266,109273,11.9228

DATA,11.9312,-0.0427,109298,11.8885
DATA,11.8602,-0.0465,109322,11.8137

DATA,11.9273,-0.0721,109347,11.8552

DATA,11.8327,-0.1558,109372,11.6769
DATA,11.9129,0.0289,109396,11.9418

DATA,11.8552,-0.1177,109421,11.7376
DATA,11.8997,0.0547,109446,11.9545

DATA,11.8669,0.1272,109482,11.9940
DATA,11.8314,-0.0051,109507,11.8263

DATA,11.8751,0.0833,109532,11.9584
DATA,11.8308,-0.0567,109556,11.7741

DATA,11.9547,-0.0338,109581,11.9209
DATA,11.8833,-0.0029,109605,11.8804

DATA,11.8079,0.0419,109630,11.8498
DATA,11.8521,-0.0529,109655,11.7991

DATA,11.8279,-0.0169,109679,11.8109
DATA,11.8741,0.0721,109704,11.9462

DATA,12.0246,0.0252,109728,12.0498

DATA,11.8820,0.0429,109753,11.9249
DATA,11.9549,-0.0597,109778,11.8952

DATA,11.8674,0.0564,109802,11.9238

DATA,11.9203,-0.0780,109839,11.8423

DATA,11.8747,0.1304,109864,12.0051
DATA,11.9459,-0.0648,109888,11.8811

DATA,11.8152,0.0488,109913,11.8640

DATA,11.9268,0.0438,109938,11.9707
DATA,11.9838,0.0982,109962,12.0819

DATA,11.8598,0.1611,109987,12.0209

DATA,11.8569,0.0968,110011,11.9538

DATA,11.8676,0.0619,110036,11.9295
DATA,11.9182,-0.0243,110061,11.8940

DATA,11.8750,0.0657,110085,11.9407
DATA,11.7397,-0.0849,110110,11.6547

DATA,11.9310,0.0366,110135,11.9677

DATA,11.7755,-0.0319,110159,11.7436

DATA,11.8691,0.0512,110196,11.9203
DATA,11.8585,0.0265,110221,11.8850

DATA,11.9440,-0.1362,110245,11.8078

DATA,11.8801,0.0841,110270,11.9642
DATA,11.9212,0.0456,110294,11.9669

DATA,11.8813,0.1144,110319,11.9957

DATA,11.8396,-0.1170,110344,11.7226
DATA,11.9790,-0.0002,110368,11.9788

DATA,11.9602,-0.0236,110393,11.9366
DATA,11.8673,0.0056,110418,11.8729
DATA,11.9854,-0.1786,110442,11.8068

DATA,11.9500,-0.0754,110467,11.8746
DATA,11.9823,0.0352,110491,12.0174

DATA,11.7994,-0.0863,110516,11.7132
DATA,11.9165,0.1005,110553,12.0170

DATA,11.8676,-0.0175,110577,11.8501
DATA,11.7971,0.0143,110602,11.8113

DATA,11.8773,0.0361,110627,11.9134

DATA,11.8742,0.0076,110651,11.8818

DATA,11.8564,0.0046,110676,11.8610
DATA,11.8322,-0.0703,110700,11.7619

DATA,11.8542,0.0113,110725,11.8655
DATA,11.8627,0.0076,110750,11.8703
DATA,11.9237,-0.0137,110774,11.9101

DATA,11.9595,-0.0122,110799,11.9473
DATA,11.7958,-0.0425,110823,11.7533

DATA,11.8459,-0.0020,110848,11.8439
DATA,11.9455,-0.0500,110873,11.8955

DATA,11.9476,0.0334,110910,11.9810

DATA,11.9306,-0.0323,110934,11.8983
DATA,11.9244,0.0358,110959,11.9603

DATA,11.9101,0.0131,110983,11.9232

DATA,11.9531,0.0729,111008,12.0260
DATA,11.7878,0.0646,111033,11.8525

DATA,11.9152,0.0155,111057,11.9307
DATA,11.9071,0.0634,111082,11.9704

DATA,11.8928,-0.0421,111106,11.8507
DATA,11.9440,0.0620,111131,12.0060

DATA,11.9861,-0.0115,111156,11.9746

DATA,11.8941,0.0938,111180,11.9879
DATA,11.7409,0.0918,111205,11.8327

DATA,11.9030,0.0113,111242,11.9143

DATA,11.8825,0.1191,111266,12.0016
DATA,11.9002,0.0721,111291,11.9722

DATA,11.9112,-0.0739,111316,11.8373
DATA,12.0037,0.0283,111340,12.0319

DATA,11.8839,0.1189,111365,12.0028
DATA,11.8327,-0.1057,111389,11.7270
DATA,11.9037,0.0925,111414,11.9962

DATA,11.8682,0.0977,111439,11.9659
DATA,11.9602,0.0114,111463,11.9716

DATA,11.8868,0.0177,111488,11.9046
DATA,11.8802,0.0566,111512,11.9368
DATA,12.0036,0.0765,111537,12.0801

DATA,11.9046,0.0998,111562,12.0044
DATA,11.8038,0.1083,111599,11.9121

DATA,11.9162,0.1191,111623,12.0352
DATA,11.8670,-0.0731,111648,11.7939

DATA,11.8633,-0.0606,111672,11.8026
DATA,11.9006,-0.0075,111697,11.8931

DATA,11.7797,-0.0715,111722,11.7082
DATA,11.8560,-0.0357,111746,11.8203

DATA,11.9676,-0.0461,111771,11.9216
DATA,11.8678,-0.0766,111795,11.7911

DATA,11.9362,-0.0658,111820,11.8704
DATA,11.9752,0.0897,111845,12.0649

DATA,11.9477,0.1047,111869,12.0524

DATA,11.8753,-0.0670,111894,11.8083
DATA,11.9262,0.1038,111918,12.0300

DATA,11.8184,0.0406,111955,11.8590
DATA,11.8926,0.0428,111980,11.9355

DATA,11.9342,-0.0092,112005,11.9250
DATA,11.8991,0.0284,112029,11.9275

DATA,11.9429,0.0162,112054,11.9590

DATA,11.8994,0.1389,112078,12.0384
DATA,11.8690,0.0469,112103,11.9159

DATA,11.8890,0.0289,112128,11.9179

DATA,11.9470,0.0447,112152,11.9916
DATA,11.9955,0.0549,112177,12.0504

DATA,11.9483,-0.0716,112201,11.8766

DATA,11.8075,0.0029,112226,11.8105

DATA,11.9432,-0.0556,112251,11.8876
DATA,11.9576,0.1043,112275,12.0619

DATA,11.9839,-0.0152,112312,11.9687

DATA,11.8785,-0.1522,112337,11.7263
DATA,11.9262,-0.0522,112361,11.8740

DATA,11.8841,-0.0196,112386,11.8645
DATA,11.9059,-0.2049,112411,11.7010
DATA,11.9051,0.0599,112435,11.9650

DATA,11.8465,-0.1431,112460,11.7034
DATA,11.8302,0.0891,112484,11.9192

DATA,12.0024,-0.1263,112509,11.8761
DATA,11.8903,0.0855,112534,11.9758
DATA,11.8822,0.0251,112558,11.9073

DATA,11.8904,0.0253,112583,11.9156
DATA,11.7476,0.0553,112607,11.8029

DATA,11.9281,-0.0797,112632,11.8484
DATA,11.9099,0.0318,112669,11.9417

DATA,11.8997,0.1751,112693,12.0748
DATA,11.9189,0.0279,112718,11.9468

DATA,11.8456,0.0217,112743,11.8673
DATA,11.9230,0.0604,112767,11.9834

DATA,11.8888,0.0003,112792,11.8891
DATA,11.8775,0.0485,112816,11.9260

DATA,11.8411,0.0763,112841,11.9174

DATA,11.8690,-0.0439,112866,11.8251
DATA,11.9519,-0.0182,112890,11.9337

DATA,11.8528,0.0282,112915,11.8809

DATA,11.8874,0.0136,112940,11.9010
DATA,11.9549,-0.1859,112964,11.7689

DATA,11.8716,0.0767,112989,11.9484

DATA,11.9718,-0.1398,113026,11.8320
DATA,11.9496,0.0228,113050,11.9725

DATA,11.8885,-0.0307,113075,11.8578

DATA,11.8396,-0.0680,113099,11.7716

DATA,12.0069,-0.0041,113124,12.0028

DATA,11.9009,0.0482,113149,11.9490
DATA,11.9684,0.1189,113173,12.0873

DATA,11.9815,0.0390,113198,12.0205

DATA,11.9343,-0.0565,113222,11.8778
DATA,11.8779,0.0888,113247,11.9668

DATA,11.9466,0.0410,113272,11.9876
DATA,11.7982,0.0174,113296,11.8156

DATA,11.9070,-0.0268,113321,11.8802

DATA,11.8960,0.0638,113358,11.9598
DATA,11.9300,-0.0606,113382,11.8693

