%, jaw1 [N], jaw2 [N], time [ms], gripForce [N]
DATA,-0.4238,0.1194,21596,-0.3044
DATA,-0.4860,0.0453,21621,-0.4407
DATA,-0.4443,-0.0342,21645,-0.4785
DATA,-0.5485,-0.1152,21670,-0.6637
DATA,-0.4063,0.0705,21694,-0.3358
DATA,-0.4451,0.0168,21719,-0.4283
DATA,-0.3978,-0.0353,21743,-0.4331
DATA,-0.4819,-0.1582,21780,-0.6400
DATA,-0.4191,-0.0482,21805,-0.4673
DATA,-0.5697,-0.0957,21829,-0.6654
DATA,-0.4730,0.0502,21854,-0.4229
DATA,-0.4572,-0.0562,21879,-0.5133
DATA,-0.4855,-0.0258,21903,-0.5114
DATA,-0.4166,0.0747,21928,-0.3418
DATA,-0.3456,-0.0024,21952,-0.3481
DATA,-0.4961,0.1272,21977,-0.3690
DATA,-0.5556,0.1177,22001,-0.4378
DATA,-0.4726,-0.1182,22026,-0.5908
DATA,-0.4814,0.0433,22051,-0.4381
DATA,-0.4390,-0.0712,22075,-0.5102
DATA,-0.4276,-0.0120,22112,-0.4396
DATA,-0.3390,0.0163,22137,-0.3227
DATA,-0.3666,-0.0588,22161,-0.4254
DATA,-0.4248,0.0288,22186,-0.3961
DATA,-0.4013,0.0649,22210,-0.3364
DATA,-0.4525,-0.0368,22235,-0.4893
DATA,-0.3384,0.0198,22259,-0.3186
DATA,-0.3459,-0.0629,22284,-0.4088
DATA,-0.3584,0.1195,22309,-0.2389
DATA,-0.4190,0.0033,22333,-0.4158
DATA,-0.3365,0.0701,22358,-0.2665
DATA,-0.4394,0.0615,22382,-0.3779
DATA,-0.4076,0.0632,22407,-0.3444
DATA,-0.4621,0.0256,22432,-0.4365
DATA,-0.4148,-0.0189,22468,-0.4337
DATA,-0.3285,0.0302,22493,-0.2982
DATA,-0.4374,0.0800,22518,-0.3574
DATA,-0.3737,-0.0201,22542,-0.3938
DATA,-0.4311,0.0457,22567,-0.3854
DATA,-0.4781,0.0632,22591,-0.4149
DATA,-0.4183,0.0237,22616,-0.3946
DATA,-0.3314,0.0083,22640,-0.3231
DATA,-0.3672,0.0008,22665,-0.3664
DATA,-0.4093,-0.0641,22690,-0.4734
DATA,-0.3121,0.1794,22714,-0.1327
DATA,-0.4650,-0.0763,22739,-0.5413
DATA,-0.3048,-0.0724,22763,-0.3772
DATA,-0.4263,0.0106,22788,-0.4157
DATA,-0.2599,0.0624,22825,-0.1975
DATA,-0.4238,0.0092,22849,-0.4146
DATA,-0.3090,0.0956,22874,-0.2133
DATA,-0.2930,-0.0087,22898,-0.3018
DATA,-0.3407,-0.0116,22923,-0.3524
DATA,-0.4444,-0.0535,22948,-0.4979
DATA,-0.2811,0.0852,22972,-0.1959
DATA,-0.2922,-0.0406,22997,-0.3328
DATA,-0.4426,-0.0720,23021,-0.5146
DATA,-0.3786,-0.0292,23046,-0.4078
DATA,-0.3795,0.0007,23071,-0.3788
DATA,-0.4367,-0.0020,23095,-0.4387
DATA,-0.4532,0.0499,23120,-0.4032
DATA,-0.4142,-0.0053,23157,-0.4195
DATA,-0.3992,-0.0831,23181,-0.4822
DATA,-0.3075,0.1253,23206,-0.1823
DATA,-0.4031,0.0446,23230,-0.3585
DATA,-0.3438,0.0944,23255,-0.2494
DATA,-0.3450,-0.0177,23279,-0.3627
DATA,-0.4476,0.0481,23304,-0.3995
DATA,-0.3333,-0.0997,23329,-0.4330
DATA,-0.3451,0.0393,23353,-0.3059
DATA,-0.3203,0.0063,23378,-0.3141
DATA,-0.4092,0.0961,23402,-0.3131
DATA,-0.4186,-0.0050,23427,-0.4236
DATA,-0.4177,-0.0831,23451,-0.5008
DATA,-0.2705,-0.0827,23476,-0.3533
DATA,-0.3757,-0.1359,23513,-0.5116
DATA,-0.3908,0.0773,23537,-0.3136
DATA,-0.3753,-0.0594,23562,-0.4347
DATA,-0.3869,0.0847,23587,-0.3022
DATA,-0.3536,0.0759,23611,-0.2777
DATA,-0.4924,0.1142,23636,-0.3782
DATA,-0.4139,0.0039,23660,-0.4100
DATA,-0.3028,0.0501,23685,-0.2527
DATA,-0.3557,0.0395,23710,-0.3162
DATA,-0.4260,0.0539,23734,-0.3720
DATA,-0.5896,0.0904,23759,-0.4991
DATA,-0.4995,-0.0126,23783,-0.5121
DATA,-0.5509,-0.0459,23808,-0.5968
DATA,-0.5319,0.2617,23845,-0.2702
DATA,-0.4915,0.0811,23869,-0.4104
DATA,-0.5568,-0.0041,23894,-0.5609
DATA,-0.5916,0.0138,23918,-0.5778
DATA,-0.5484,0.1629,23943,-0.3855
DATA,-0.4843,0.0611,23968,-0.4233
DATA,-0.5052,0.0627,23992,-0.4425
DATA,-0.6243,-0.1525,24017,-0.7767
DATA,-0.3722,0.0414,24041,-0.3307
DATA,-0.5004,-0.1058,24066,-0.6063
DATA,0.1468,-0.0397,24090,0.1070
DATA,1.2748,0.0635,24115,1.3383
DATA,2.1453,0.0228,24140,2.1681
DATA,2.2785,0.0402,24164,2.3187
DATA,3.6473,0.1064,24201,3.7537
DATA,5.8208,-0.1206,24226,5.7002
DATA,6.5114,0.0077,24250,6.5191
DATA,5.4903,0.1263,24275,5.6166
DATA,5.4648,0.0270,24299,5.4918
DATA,6.8003,0.0608,24324,6.8611
DATA,8.5183,0.0373,24348,8.5556
DATA,9.2017,-0.0303,24373,9.1714
DATA,9.4777,0.1243,24398,9.6020
DATA,10.1959,-0.1043,24422,10.0915
DATA,10.4112,0.0255,24447,10.4367
DATA,9.5677,0.0909,24471,9.6586
DATA,9.2056,-0.0241,24496,9.1814
DATA,9.9332,0.0381,24533,9.9713
DATA,10.8112,0.0022,24557,10.8134
DATA,10.3233,0.0402,24582,10.3635
DATA,9.1596,0.0103,24606,9.1699
DATA,8.3127,0.0641,24631,8.3768
DATA,8.3360,0.1025,24656,8.4385
DATA,8.3809,0.0532,24680,8.4340
DATA,7.7259,0.0347,24705,7.7606
DATA,7.1854,-0.0788,24729,7.1065
DATA,7.5166,-0.0899,24754,7.4266
DATA,7.3280,-0.1199,24778,7.2081
DATA,6.9767,0.0769,24803,7.0536
DATA,6.7138,-0.0096,24828,6.7042
DATA,6.5327,0.0577,24852,6.5904
DATA,4.5737,0.0809,24889,4.6547
DATA,2.3907,-0.0747,24914,2.3160
DATA,1.5103,-0.0288,24938,1.4815
DATA,0.5973,-0.0557,24963,0.5415
DATA,-0.2268,0.0693,24987,-0.1575
DATA,-0.8271,0.0137,25012,-0.8134
DATA,-0.2683,0.0645,25036,-0.2038
DATA,-0.2652,-0.0131,25061,-0.2783
DATA,-0.2285,0.0523,25086,-0.1762
DATA,-0.2313,-0.0044,25110,-0.2357
DATA,-0.3010,0.0352,25135,-0.2659
DATA,-0.2474,0.0336,25159,-0.2137
DATA,-0.2150,0.0907,25184,-0.1244
DATA,-0.2628,-0.0169,25221,-0.2797
DATA,-0.1965,-0.0235,25245,-0.2201
DATA,-0.1877,-0.0219,25270,-0.2096
DATA,-0.1490,0.1775,25295,0.0285
DATA,-0.1618,0.1211,25319,-0.0407
DATA,-0.2134,-0.0173,25344,-0.2307
DATA,-0.2209,0.0783,25368,-0.1426
DATA,-0.1862,-0.0820,25393,-0.2682
DATA,-0.2285,-0.0242,25417,-0.2526
DATA,-0.2410,-0.0012,25442,-0.2422
DATA,-0.2430,0.0954,25467,-0.1477
DATA,-0.2399,0.0394,25491,-0.2005
DATA,-0.1782,0.1045,25516,-0.0738
DATA,-0.2122,0.1622,25540,-0.0500
DATA,-0.2656,0.1001,25577,-0.1655
DATA,-0.1505,-0.0386,25602,-0.1891
DATA,-0.2910,-0.1040,25626,-0.3950
DATA,-0.3147,-0.0564,25651,-0.3711
DATA,0.0853,0.0454,25675,0.1307
DATA,0.6074,-0.0845,25700,0.5230
DATA,0.8905,-0.0227,25725,0.8678
DATA,1.6960,0.0493,25749,1.7453
DATA,2.8923,0.0797,25774,2.9720
DATA,3.7176,0.0185,25798,3.7360
DATA,4.5840,0.0328,25823,4.6168
DATA,4.5064,0.0778,25848,4.5842
DATA,4.2932,0.1475,25872,4.4407
DATA,4.6158,0.0439,25909,4.6597
DATA,5.1297,-0.0728,25934,5.0569
DATA,4.7647,0.0443,25958,4.8090
DATA,4.5416,0.0225,25983,4.5641
DATA,4.3472,-0.0102,26007,4.3370
DATA,4.5960,-0.0007,26032,4.5953
DATA,4.8298,0.0060,26056,4.8358
DATA,5.5381,-0.1110,26081,5.4271
DATA,6.9391,-0.1341,26106,6.8050
DATA,8.2995,-0.0355,26130,8.2640
DATA,7.9939,0.1295,26155,8.1233
DATA,7.6956,0.0034,26179,7.6990
DATA,7.9081,-0.0448,26204,7.8633
DATA,8.1188,-0.0023,26228,8.1165
DATA,8.1604,0.1119,26265,8.2723
DATA,7.7969,0.0666,26290,7.8634
DATA,8.1476,0.0628,26314,8.2104
DATA,9.4530,-0.0071,26339,9.4459
DATA,9.9939,-0.0385,26364,9.9554
DATA,9.7368,-0.0282,26388,9.7087
DATA,9.5677,-0.0573,26413,9.5104
DATA,9.5128,-0.0195,26437,9.4933
DATA,10.1204,0.0407,26462,10.1612
DATA,9.6104,0.0909,26487,9.7014
DATA,9.7740,0.0674,26511,9.8414
DATA,10.4429,0.0183,26536,10.4612
DATA,11.0719,-0.1566,26560,10.9153
DATA,11.3328,-0.0657,26597,11.2671
DATA,11.9337,0.0277,26622,11.9614
DATA,13.2214,0.1185,26646,13.3399
DATA,14.2371,-0.0320,26671,14.2051
DATA,13.9512,0.0682,26695,14.0194
DATA,14.9697,-0.0050,26720,14.9647
DATA,16.0002,-0.0404,26745,15.9598
DATA,16.8702,-0.0109,26769,16.8592
DATA,17.0153,0.1471,26794,17.1624
DATA,16.5946,0.0049,26818,16.5995
DATA,16.0159,-0.0098,26843,16.0061
DATA,16.4770,0.0102,26867,16.4871
DATA,17.3917,0.0200,26892,17.4117
DATA,17.1518,-0.0699,26917,17.0819
DATA,15.6294,0.2191,26953,15.8485
DATA,15.0183,-0.0269,26978,14.9914
DATA,16.1187,-0.0322,27003,16.0865
DATA,16.4738,0.0910,27027,16.5648
DATA,15.3386,0.1074,27052,15.4460
DATA,14.1467,0.0184,27076,14.1652
DATA,14.0374,-0.0726,27101,13.9648
DATA,14.2918,0.0057,27125,14.2975
DATA,13.9992,-0.0159,27150,13.9833
DATA,13.5675,0.0851,27175,13.6526
DATA,14.4519,-0.0838,27199,14.3680
DATA,14.3919,0.0265,27224,14.4184
DATA,12.7911,0.0185,27248,12.8096
DATA,9.8522,0.0318,27285,9.8840
DATA,7.3274,0.0381,27310,7.3655
DATA,6.0264,-0.0354,27334,5.9910
DATA,4.3581,-0.0131,27359,4.3451
DATA,3.1156,0.0945,27384,3.2101
DATA,1.7769,0.1087,27408,1.8856
DATA,1.4459,-0.0844,27433,1.3615
DATA,1.2372,-0.0322,27457,1.2051
DATA,1.1751,0.0475,27482,1.2225
DATA,1.1236,-0.0728,27506,1.0508
DATA,1.2570,0.0683,27531,1.3253
DATA,1.2124,0.0346,27556,1.2471
DATA,1.1197,-0.0444,27580,1.0753
DATA,1.0858,-0.0851,27605,1.0007
DATA,1.1864,0.0588,27642,1.2452
DATA,1.1178,-0.1388,27666,0.9790
DATA,1.0687,0.0078,27691,1.0765
DATA,1.1690,0.0961,27715,1.2650
DATA,1.1810,-0.0032,27740,1.1778
DATA,1.0708,-0.0596,27764,1.0112
DATA,1.1196,0.0055,27789,1.1251
DATA,1.0700,0.1537,27814,1.2237
DATA,1.0831,-0.1074,27838,0.9757
DATA,1.1030,-0.0242,27863,1.0788
DATA,0.9405,-0.0895,27887,0.8510
DATA,1.0479,0.1162,27912,1.1640
DATA,1.0701,0.0169,27936,1.0870
DATA,0.9603,-0.0368,27973,0.9235
DATA,1.0715,0.0540,27998,1.1255
DATA,1.0661,0.0523,28022,1.1184
DATA,1.0901,-0.0056,28047,1.0845
DATA,1.1268,0.0353,28072,1.1620
DATA,0.9984,0.0512,28096,1.0496
DATA,1.0257,-0.0819,28121,0.9438
DATA,1.0954,0.0261,28145,1.1215
DATA,2.7237,0.0726,28170,2.7963
DATA,6.6623,0.0716,28194,6.7339
DATA,8.9984,0.1147,28219,9.1132
DATA,9.5587,-0.0168,28244,9.5419
DATA,10.0257,0.0234,28268,10.0492
DATA,10.0227,-0.0018,28293,10.0209
DATA,8.1775,0.0183,28330,8.1958
DATA,6.8207,0.0106,28354,6.8313
DATA,7.0605,0.0017,28379,7.0622
DATA,8.4832,-0.0056,28403,8.4775
DATA,8.8443,0.0472,28428,8.8915
DATA,8.2088,0.0176,28452,8.2264
DATA,7.8432,-0.0909,28477,7.7522
DATA,8.5993,0.0931,28502,8.6924
DATA,9.3946,0.0025,28526,9.3971
DATA,9.2223,0.0513,28551,9.2736
DATA,9.0108,0.0098,28575,9.0206
DATA,9.2523,0.0535,28600,9.3058
DATA,9.3148,-0.0167,28624,9.2980
DATA,9.4546,0.1371,28661,9.5917
DATA,8.9173,-0.0275,28686,8.8899
DATA,8.2792,0.0729,28710,8.3522
DATA,7.8117,0.0280,28735,7.8397
DATA,8.7412,0.0306,28760,8.7718
DATA,9.6159,-0.0482,28784,9.5678
DATA,9.9689,-0.0418,28809,9.9270
DATA,10.2380,0.0251,28833,10.2631
DATA,10.9956,0.0221,28858,11.0177
DATA,11.2374,0.0397,28882,11.2771
DATA,11.6961,0.1203,28907,11.8164
DATA,12.3732,-0.0860,28932,12.2872
DATA,12.5948,0.0487,28956,12.6434
DATA,13.1198,-0.1302,28981,12.9897
DATA,13.5862,0.0160,29018,13.6022
DATA,13.1003,0.0874,29042,13.1877
DATA,12.7838,-0.0468,29067,12.7370
DATA,13.3220,0.0738,29091,13.3959
DATA,13.7017,-0.0026,29116,13.6990
DATA,13.7191,0.0775,29141,13.7966
DATA,13.4097,0.1585,29165,13.5682
DATA,13.7871,0.0533,29190,13.8404
DATA,14.5385,0.0736,29214,14.6121
DATA,14.3775,0.1189,29239,14.4964
DATA,14.0592,0.1221,29263,14.1813
DATA,14.4478,-0.0665,29288,14.3813
DATA,14.8373,0.0676,29313,14.9048
DATA,14.6067,-0.0956,29349,14.5111
DATA,14.3299,0.0346,29374,14.3645
DATA,13.9621,-0.0008,29399,13.9613
DATA,13.3419,0.0625,29423,13.4045
DATA,12.3817,0.0665,29448,12.4482
DATA,11.8460,0.0196,29472,11.8656
DATA,12.1907,-0.0331,29497,12.1576
DATA,12.2753,0.0399,29521,12.3153
DATA,11.2101,0.0725,29546,11.2826
DATA,9.5853,0.0109,29571,9.5962
DATA,9.1013,0.0254,29595,9.1266
DATA,9.2714,-0.0475,29620,9.2239
DATA,8.5986,0.1095,29644,8.7082
DATA,8.4033,0.0309,29669,8.4342
DATA,8.9579,0.0631,29706,9.0210
DATA,9.5697,0.0042,29730,9.5739
DATA,9.1092,-0.0171,29755,9.0921
DATA,9.1276,0.0855,29779,9.2131
DATA,10.0081,0.0389,29804,10.0470
DATA,10.3591,0.0040,29829,10.3631
DATA,10.2164,0.0134,29853,10.2298
DATA,11.1296,0.1119,29878,11.2415
DATA,11.8505,-0.0143,29902,11.8363
DATA,11.4365,0.0983,29927,11.5347
DATA,10.9301,0.0806,29952,11.0108
DATA,11.0959,-0.0827,29976,11.0132
DATA,10.9898,-0.0488,30001,10.9409
DATA,10.7745,0.0685,30038,10.8429
DATA,10.1985,0.0078,30062,10.2063
DATA,9.5380,0.0395,30087,9.5775
DATA,9.8198,0.0373,30111,9.8571
DATA,10.5918,-0.0821,30136,10.5097
DATA,10.7049,-0.0084,30160,10.6965
DATA,10.9892,-0.0944,30185,10.8948
DATA,11.5509,0.0124,30210,11.5633
DATA,11.6481,0.0543,30234,11.7024
DATA,11.3083,0.0213,30259,11.3296
DATA,11.0286,0.0378,30283,11.0664
DATA,10.2915,0.1063,30308,10.3978
DATA,9.1192,0.0060,30332,9.1252
DATA,9.2837,-0.0433,30357,9.2404
DATA,10.1192,0.0473,30394,10.1665
DATA,10.4454,-0.0159,30418,10.4295
DATA,9.6067,0.0669,30443,9.6736
DATA,9.0705,0.0931,30468,9.1635
DATA,9.5524,0.0178,30492,9.5702
DATA,9.4167,0.0165,30517,9.4332
DATA,9.6471,-0.0263,30541,9.6209
DATA,10.3483,-0.0983,30566,10.2500
DATA,10.0049,0.0484,30590,10.0533
DATA,8.9292,0.0392,30615,8.9684
DATA,8.9572,-0.0107,30640,8.9465
DATA,9.6046,0.0007,30664,9.6052
DATA,9.4537,-0.0571,30689,9.3966
DATA,8.8520,-0.0155,30726,8.8365
DATA,9.0718,0.0684,30750,9.1402
DATA,9.2698,0.1516,30775,9.4213
DATA,9.2558,-0.0759,30799,9.1799
DATA,9.6802,-0.0595,30824,9.6208
DATA,9.7839,-0.0042,30849,9.7797
DATA,9.4281,0.1237,30873,9.5518
DATA,9.4096,0.0307,30898,9.4404
DATA,9.6893,0.0599,30922,9.7492
DATA,8.8564,0.1034,30947,8.9598
DATA,7.9227,0.0752,30971,7.9979
DATA,8.0718,0.0638,30996,8.1356
DATA,9.1790,-0.0566,31021,9.1225
DATA,8.4882,-0.0379,31045,8.4502
DATA,6.2676,0.0321,31082,6.2997
DATA,6.1138,-0.0228,31107,6.0910
DATA,7.3722,-0.1019,31131,7.2703
DATA,6.7561,0.1376,31156,6.8937
DATA,4.5568,-0.0053,31180,4.5515
DATA,2.5139,0.0936,31205,2.6075
DATA,1.3577,0.0290,31229,1.3867
DATA,1.1387,0.0432,31254,1.1819
DATA,1.2005,0.0076,31279,1.2081
DATA,1.0636,0.0041,31303,1.0677
DATA,1.0866,0.0337,31328,1.1203
DATA,1.1834,0.0413,31352,1.2248
DATA,1.0629,-0.0241,31377,1.0388
DATA,1.0693,-0.1108,31414,0.9585
DATA,1.1824,0.0316,31438,1.2140
DATA,1.0666,0.0574,31463,1.1240
DATA,0.9813,0.0865,31488,1.0679
DATA,1.0143,0.0496,31512,1.0639
DATA,0.9856,-0.0683,31537,0.9173
DATA,1.0415,-0.0130,31561,1.0285
DATA,1.0333,0.0162,31586,1.0495
DATA,1.0586,-0.0897,31610,0.9689
DATA,1.0293,-0.0599,31635,0.9694
DATA,0.9720,-0.0316,31660,0.9404
DATA,1.0084,-0.0049,31684,1.0035
DATA,1.0332,0.0176,31709,1.0508
DATA,1.4453,-0.1616,31733,1.2837
DATA,1.7603,-0.0918,31770,1.6684
DATA,2.5136,0.0448,31795,2.5584
DATA,3.1520,0.0243,31819,3.1763
DATA,3.9755,-0.0096,31844,3.9659
DATA,4.7569,0.0437,31868,4.8006
DATA,5.1037,0.0807,31893,5.1844
DATA,5.7426,0.0549,31918,5.7976
DATA,6.4387,0.0217,31942,6.4605
DATA,7.9592,0.0088,31967,7.9680
DATA,9.9986,0.0714,31991,10.0700
DATA,10.9338,-0.0191,32016,10.9147
DATA,11.4827,0.0590,32040,11.5417
DATA,12.1203,-0.0673,32065,12.0530
DATA,12.9161,-0.0247,32102,12.8915
DATA,13.1616,-0.0562,32126,13.1054
DATA,13.3713,0.1084,32151,13.4797
DATA,13.7193,-0.0363,32176,13.6830
DATA,13.5439,0.0717,32200,13.6156
DATA,12.5986,0.0305,32225,12.6291
DATA,12.3169,0.0457,32249,12.3627
DATA,12.0907,0.0074,32274,12.0981
DATA,11.8930,-0.0561,32299,11.8369
DATA,11.8679,-0.1101,32323,11.7578
DATA,10.9120,0.0418,32348,10.9538
DATA,10.3329,-0.0217,32372,10.3111
DATA,11.6837,0.0493,32397,11.7330
DATA,13.1051,0.0255,32421,13.1306
DATA,13.3492,-0.0307,32458,13.3185
DATA,13.9009,0.1775,32483,14.0784
DATA,14.6416,0.0491,32507,14.6907
DATA,15.3143,0.1278,32532,15.4421
DATA,15.6816,-0.0108,32557,15.6708
DATA,15.9047,0.0994,32581,16.0041
DATA,16.2633,0.0044,32606,16.2677
DATA,15.3705,-0.0502,32630,15.3203
DATA,13.1873,0.0092,32655,13.1965
DATA,11.8317,0.0342,32679,11.8659
DATA,11.4161,-0.0836,32704,11.3325
DATA,10.5815,-0.0199,32729,10.5616
DATA,10.0584,-0.0549,32753,10.0035
DATA,10.6313,0.0158,32778,10.6471
DATA,10.9856,-0.0554,32815,10.9302
DATA,10.4836,0.0662,32839,10.5498
DATA,9.5813,0.0087,32864,9.5900
DATA,7.7414,0.0085,32888,7.7498
DATA,5.8069,-0.0200,32913,5.7869
DATA,2.6694,0.0440,32937,2.7134
DATA,1.1717,0.0104,32962,1.1821
DATA,1.0160,0.0371,32987,1.0531
DATA,0.9452,0.0254,33011,0.9706
DATA,1.0981,0.0854,33036,1.1834
DATA,1.0552,-0.0241,33060,1.0311
DATA,1.0019,0.0371,33085,1.0390
DATA,0.9948,0.0030,33109,0.9978
DATA,0.9781,0.0254,33146,1.0035
DATA,0.9596,0.0322,33171,0.9917
DATA,0.9227,0.0124,33196,0.9352
DATA,0.8709,-0.1275,33220,0.7434
DATA,0.9432,-0.0183,33245,0.9249
DATA,0.8451,-0.0005,33269,0.8446
DATA,0.9092,-0.0267,33294,0.8825
DATA,0.9005,0.0104,33318,0.9109
DATA,0.9493,-0.0712,33343,0.8781
DATA,0.8992,0.0642,33368,0.9634
DATA,0.9589,0.1199,33392,1.0789
DATA,0.9383,0.0233,33417,0.9615
DATA,0.8776,0.0022,33441,0.8798
DATA,1.0085,0.1091,33466,1.1176
DATA,1.0343,0.0223,33503,1.0566
DATA,0.8988,0.0503,33527,0.9491
DATA,0.8193,0.0782,33552,0.8975
DATA,0.8268,-0.0104,33576,0.8164
DATA,0.9083,0.0725,33601,0.9808
DATA,1.3341,0.0272,33626,1.3612
DATA,1.3275,0.0128,33650,1.3403
DATA,1.0931,-0.0097,33675,1.0834
DATA,1.6825,0.0388,33699,1.7213
DATA,1.8570,0.0251,33724,1.8821
DATA,1.9281,0.0778,33748,2.0059
DATA,2.6001,0.0359,33773,2.6359
DATA,3.4667,0.0011,33798,3.4678
DATA,4.7165,0.0171,33834,4.7336
DATA,4.7346,-0.0406,33859,4.6941
DATA,4.1157,-0.0259,33884,4.0898
DATA,3.9333,-0.0075,33908,3.9259
DATA,4.1979,-0.0742,33933,4.1237
DATA,3.7876,0.0272,33957,3.8147
DATA,2.6427,0.0672,33982,2.7099
DATA,2.2310,0.0527,34007,2.2838
DATA,3.1575,-0.0757,34031,3.0818
DATA,4.2202,0.0138,34056,4.2340
DATA,3.9752,0.0152,34080,3.9904
DATA,3.1521,-0.0440,34105,3.1081
DATA,3.2362,0.1136,34129,3.3498
DATA,4.5239,-0.0252,34154,4.4987
DATA,4.9382,0.0514,34191,4.9896
DATA,5.2064,0.0111,34215,5.2175
DATA,5.4539,-0.0718,34240,5.3821
DATA,5.5422,-0.0358,34265,5.5063
DATA,5.3666,0.0252,34289,5.3918
DATA,5.0037,0.0164,34314,5.0201
DATA,5.3145,0.0523,34338,5.3667
DATA,6.3706,0.1012,34363,6.4718
DATA,7.3438,0.0412,34387,7.3850
DATA,7.5399,0.0816,34412,7.6215
DATA,6.8175,-0.0083,34437,6.8091
DATA,7.2396,-0.0485,34461,7.1910
DATA,9.4506,-0.0673,34486,9.3833
DATA,9.7160,0.0208,34523,9.7368
DATA,9.4763,-0.0295,34547,9.4467
DATA,9.7381,0.0433,34572,9.7813
DATA,10.2653,-0.0742,34596,10.1911
DATA,10.9387,-0.0026,34621,10.9362
DATA,10.6334,-0.0001,34645,10.6333
DATA,8.6923,0.0846,34670,8.7770
DATA,7.4784,0.0125,34695,7.4908
DATA,6.9564,0.0268,34719,6.9833
DATA,6.4510,0.0373,34744,6.4883
DATA,4.7623,-0.0777,34768,4.6846
DATA,3.2040,0.0031,34793,3.2071
DATA,1.5789,-0.0146,34818,1.5643
DATA,0.9351,0.0756,34842,1.0107
DATA,0.9051,0.0728,34879,0.9779
DATA,0.9074,-0.0538,34904,0.8535
DATA,0.8543,0.0352,34928,0.8895
DATA,0.8765,-0.0181,34953,0.8584
DATA,0.9791,-0.0658,34977,0.9133
DATA,0.8723,0.0091,35002,0.8814
DATA,0.9819,0.0491,35026,1.0310
DATA,0.8695,0.0236,35051,0.8931
DATA,0.8379,-0.0866,35076,0.7514
DATA,0.7955,0.0141,35100,0.8096
DATA,0.7579,-0.0019,35125,0.7560
DATA,0.8400,0.0393,35149,0.8793
DATA,0.8404,0.0735,35174,0.9139
DATA,0.8386,-0.0628,35211,0.7758
DATA,0.8521,0.0055,35235,0.8576
DATA,0.7468,0.0188,35260,0.7656
DATA,0.7515,-0.0858,35284,0.6657
DATA,0.8280,-0.1449,35309,0.6831
DATA,0.8235,0.1424,35334,0.9660
DATA,0.7463,0.0287,35358,0.7750
DATA,0.7133,-0.0423,35383,0.6709
DATA,0.8088,0.0235,35407,0.8323
DATA,0.8662,0.0170,35432,0.8832
DATA,0.7696,0.1572,35456,0.9268
DATA,0.7568,0.0263,35481,0.7831
DATA,0.7688,-0.0227,35506,0.7461
DATA,0.7353,0.0605,35530,0.7958
DATA,0.7754,-0.0277,35567,0.7476
DATA,0.7496,-0.0171,35592,0.7326
DATA,0.8156,0.1162,35616,0.9318
DATA,0.7520,0.0378,35641,0.7898
DATA,0.8350,-0.0114,35665,0.8236
DATA,0.7642,0.0335,35690,0.7976
DATA,0.7780,0.0072,35715,0.7853
DATA,0.7845,-0.0143,35739,0.7702
DATA,0.8836,0.1085,35764,0.9921
DATA,0.9672,-0.0047,35788,0.9625
DATA,0.9236,-0.2498,35813,0.6738
DATA,0.8633,-0.0211,35837,0.8423
DATA,1.0007,-0.0073,35862,0.9934
DATA,0.9754,-0.0651,35899,0.9103
DATA,0.9454,0.0727,35923,1.0181
DATA,1.0074,-0.0398,35948,0.9676
DATA,0.9658,0.0707,35973,1.0365
DATA,0.9309,0.1124,35997,1.0432
DATA,0.8419,-0.0137,36022,0.8282
DATA,0.8415,0.0138,36046,0.8554
DATA,0.9546,-0.0502,36071,0.9045
DATA,1.0534,0.0975,36096,1.1509
DATA,0.8389,-0.0093,36120,0.8297
DATA,0.9303,-0.0136,36145,0.9167
DATA,0.9452,-0.0125,36169,0.9327
DATA,0.9355,0.2062,36194,1.1417
DATA,0.9393,0.0417,36218,0.9810
DATA,0.9583,0.0661,36255,1.0244
DATA,0.9942,-0.0561,36280,0.9381
DATA,0.8907,0.0385,36304,0.9292
DATA,0.9182,-0.0679,36329,0.8503
DATA,0.8516,0.0839,36354,0.9355
DATA,0.9334,0.0633,36378,0.9968
DATA,0.9263,0.0083,36403,0.9345
DATA,0.9677,0.0203,36427,0.9880
DATA,0.9170,-0.0001,36452,0.9169
DATA,1.0057,0.0062,36476,1.0119
DATA,0.9550,-0.0646,36501,0.8904
DATA,1.0159,-0.0032,36526,1.0127
DATA,0.7783,0.0845,36550,0.8628
DATA,0.9883,-0.0170,36587,0.9713
DATA,0.8670,-0.0031,36612,0.8639
DATA,0.9572,0.0708,36636,1.0281
DATA,0.7771,0.0517,36661,0.8288
DATA,0.9117,-0.1296,36685,0.7822
DATA,0.8531,0.0133,36710,0.8665
DATA,0.9273,0.0712,36734,0.9984
DATA,0.8371,0.0365,36759,0.8736
DATA,0.9067,0.1329,36784,1.0397
DATA,0.9464,-0.0291,36808,0.9174
DATA,0.9300,0.0794,36833,1.0095
DATA,0.8247,0.0279,36857,0.8527
DATA,0.9193,0.1329,36882,1.0522
DATA,0.8200,-0.1205,36907,0.6995
DATA,1.0132,0.0436,36943,1.0567
DATA,0.9143,0.1579,36968,1.0723
DATA,0.8710,0.0882,36993,0.9591
DATA,0.9189,-0.0545,37017,0.8644
DATA,0.8873,0.0443,37042,0.9316
DATA,0.7259,-0.1185,37066,0.6074
DATA,0.6454,0.0985,37091,0.7439
DATA,0.5291,-0.0574,37115,0.4718
DATA,0.7162,0.0226,37140,0.7388
DATA,0.6400,-0.0660,37165,0.5740
DATA,0.6905,0.2003,37189,0.8908
DATA,0.6659,0.0308,37214,0.6967
DATA,0.7006,0.0166,37238,0.7173
DATA,0.7849,0.0971,37275,0.8819
DATA,0.6006,0.1073,37300,0.7079
DATA,0.8048,0.0363,37324,0.8411
DATA,0.6257,0.1283,37349,0.7540
DATA,0.7168,-0.0031,37373,0.7137
DATA,0.6723,0.0574,37398,0.7297
DATA,0.6767,0.0922,37423,0.7689
DATA,0.6571,-0.0528,37447,0.6042
DATA,0.6138,0.0891,37472,0.7029
DATA,0.7409,0.1552,37496,0.8960
DATA,0.7314,0.0901,37521,0.8215
DATA,0.5821,-0.0148,37545,0.5673
DATA,0.6764,-0.1159,37570,0.5605
DATA,0.5305,0.0894,37595,0.6199
DATA,-1.8028,-0.0731,37631,-1.8759
DATA,-5.4710,0.0824,37656,-5.3886
DATA,-9.4224,0.1000,37681,-9.3224
DATA,-13.9812,0.0478,37705,-13.9334
DATA,-17.1194,0.0736,37730,-17.0458
DATA,-17.8258,0.0080,37754,-17.8178
DATA,-17.8193,-0.0579,37779,-17.8772
DATA,-17.0943,0.0762,37804,-17.0181
DATA,-15.6499,0.1100,37828,-15.5399
DATA,-16.0900,0.0511,37853,-16.0389
DATA,-16.2885,0.1130,37877,-16.1755
DATA,-15.6512,0.0035,37902,-15.6476
DATA,-15.4181,0.1206,37926,-15.2976
DATA,-16.5134,-0.0736,37963,-16.5870
DATA,-16.5051,0.1222,37988,-16.3829
DATA,-16.2212,0.0235,38012,-16.1976
DATA,-16.0090,0.0257,38037,-15.9833
DATA,-15.2396,-0.1189,38062,-15.3585
DATA,-14.8363,0.1268,38086,-14.7095
DATA,-13.3638,0.0317,38111,-13.3320
DATA,-10.8677,0.1321,38135,-10.7356
DATA,-8.0347,-0.0364,38160,-8.0711
DATA,-5.1203,-0.0123,38184,-5.1327
DATA,-3.5529,0.0409,38209,-3.5120
DATA,-3.4167,0.0827,38234,-3.3340
DATA,-3.4085,0.0112,38258,-3.3973
DATA,-3.3580,-0.0739,38283,-3.4319
DATA,-3.2925,0.0785,38320,-3.2140
DATA,-3.2845,0.0264,38344,-3.2582
DATA,-3.2013,-0.0130,38369,-3.2143
DATA,-3.1168,0.0926,38393,-3.0242
DATA,-3.2906,0.0338,38418,-3.2568
DATA,-3.1557,-0.0642,38442,-3.2199
DATA,-3.2455,-0.0181,38467,-3.2637
DATA,-3.3192,0.0059,38492,-3.3132
DATA,-3.2330,-0.0207,38516,-3.2537
DATA,-3.1713,-0.0651,38541,-3.2364
DATA,-3.2230,0.1473,38565,-3.0757
DATA,-3.2350,-0.0227,38590,-3.2577
DATA,-3.1528,-0.0112,38614,-3.1639
DATA,-3.1692,-0.0082,38651,-3.1774
DATA,-3.1802,0.0952,38676,-3.0851
DATA,-3.1532,0.1234,38700,-3.0298
DATA,-3.0469,-0.0388,38725,-3.0857
DATA,-3.0755,0.1217,38750,-2.9538
DATA,-3.1086,0.1082,38774,-3.0004
DATA,-3.1127,-0.0649,38799,-3.1776
DATA,-3.0953,0.0595,38823,-3.0358
DATA,-2.9916,-0.0094,38848,-3.0010
DATA,-3.0909,0.0416,38873,-3.0493
DATA,-3.9476,0.0172,38897,-3.9304
DATA,-6.1090,-0.0227,38922,-6.1318
DATA,-8.7208,0.0114,38946,-8.7094
DATA,-11.2612,0.0743,38971,-11.1869
DATA,-11.1574,-0.0282,39008,-11.1855
DATA,-10.2918,0.0639,39032,-10.2279
DATA,-9.8205,0.0105,39057,-9.8100
DATA,-9.4041,-0.1454,39081,-9.5495
DATA,-8.8656,-0.0113,39106,-8.8769
DATA,-9.0473,0.0304,39131,-9.0169
DATA,-9.6128,0.0687,39155,-9.5441
DATA,-10.0292,-0.0381,39180,-10.0674
DATA,-10.3770,-0.0606,39204,-10.4376
DATA,-10.9310,0.0758,39229,-10.8551
DATA,-11.1437,0.1386,39253,-11.0051
DATA,-10.5306,0.0843,39278,-10.4463
DATA,-10.2024,0.0301,39303,-10.1724
DATA,-10.6051,0.0561,39339,-10.5491
DATA,-10.9281,-0.0392,39364,-10.9672
DATA,-11.2134,0.0907,39389,-11.1226
DATA,-11.3918,0.0614,39413,-11.3303
DATA,-11.3281,0.1042,39438,-11.2239
DATA,-11.2438,-0.0978,39462,-11.3417
DATA,-11.9247,0.0321,39487,-11.8927
DATA,-12.6073,0.0591,39511,-12.5482
DATA,-11.8182,-0.0555,39536,-11.8738
DATA,-12.7934,-0.0498,39561,-12.8432
DATA,-15.4628,-0.0822,39585,-15.5449
DATA,-16.9552,0.1228,39610,-16.8325
DATA,-16.3932,0.1000,39634,-16.2932
DATA,-17.1586,0.0558,39659,-17.1028
DATA,-18.6171,0.1183,39696,-18.4988
DATA,-18.4037,-0.0063,39720,-18.4100
DATA,-17.0299,0.0481,39745,-16.9818
DATA,-16.6465,-0.0337,39770,-16.6802
DATA,-17.5600,-0.0015,39794,-17.5615
DATA,-17.6911,0.0818,39819,-17.6093
DATA,-16.4320,-0.0138,39843,-16.4458
DATA,-14.9246,-0.0519,39868,-14.9765
DATA,-13.3462,0.0021,39892,-13.3441
DATA,-11.3423,-0.0149,39917,-11.3572
DATA,-9.3078,0.0649,39942,-9.2429
DATA,-5.6136,0.0109,39966,-5.6027
DATA,-3.5504,0.0378,39991,-3.5126
DATA,-3.3882,-0.0712,40015,-3.4594
DATA,-3.4110,0.0169,40052,-3.3941
DATA,-3.3960,0.0314,40077,-3.3646
DATA,-3.3698,0.1094,40101,-3.2604
DATA,-3.3035,-0.0501,40126,-3.3536
DATA,-3.2797,0.0543,40150,-3.2254
DATA,-3.3468,-0.0064,40175,-3.3532
DATA,-3.3383,0.0088,40200,-3.3295
DATA,-3.1644,-0.0035,40224,-3.1678
DATA,-3.2085,-0.0542,40249,-3.2626
DATA,-3.2702,-0.0003,40273,-3.2705
DATA,-3.2563,-0.0719,40298,-3.3282
DATA,-3.1470,-0.0456,40323,-3.1926
DATA,-3.3406,0.0116,40347,-3.3290
DATA,-3.2709,0.0557,40384,-3.2152
DATA,-3.1963,0.0068,40409,-3.1895
DATA,-3.2688,0.0057,40433,-3.2631
DATA,-3.2170,0.0781,40458,-3.1389
DATA,-3.1954,0.1242,40482,-3.0712
DATA,-3.1606,-0.0208,40507,-3.1814
DATA,-3.2056,0.0612,40531,-3.1444
DATA,-3.2465,0.0215,40556,-3.2250
DATA,-4.0549,0.0280,40581,-4.0269
DATA,-6.5454,-0.0502,40605,-6.5957
DATA,-9.3338,0.0441,40630,-9.2897
DATA,-14.1415,-0.0182,40654,-14.1596
DATA,-18.0993,-0.0284,40679,-18.1277
DATA,-20.6372,0.0662,40703,-20.5711
DATA,-22.6076,-0.0874,40740,-22.6950
DATA,-22.2450,0.0543,40765,-22.1907
DATA,-22.5031,-0.0249,40789,-22.5280
DATA,-23.5593,0.0414,40814,-23.5179
DATA,-23.6638,0.2271,40839,-23.4367
DATA,-22.9319,0.0732,40863,-22.8587
DATA,-23.7384,0.0628,40888,-23.6756
DATA,-24.7616,0.0788,40912,-24.6827
DATA,-25.2331,0.0073,40937,-25.2258
DATA,-24.7500,-0.0343,40961,-24.7843
DATA,-23.2912,-0.1520,40986,-23.4432
DATA,-20.4887,0.0647,41011,-20.4239
DATA,-16.2026,0.0792,41035,-16.1234
DATA,-10.9428,0.0356,41072,-10.9072
DATA,-5.6776,0.0633,41097,-5.6143
DATA,-4.0551,0.1667,41121,-3.8884
DATA,-3.7927,0.1126,41146,-3.6801
DATA,-3.7975,-0.0107,41170,-3.8083
DATA,-3.9201,0.0589,41195,-3.8612
DATA,-3.7045,0.0372,41220,-3.6673
DATA,-3.6013,0.0546,41244,-3.5467
DATA,-3.7789,-0.0810,41269,-3.8599
DATA,-3.6062,0.0754,41293,-3.5308
DATA,-3.5889,0.1026,41318,-3.4863
DATA,-3.6257,0.0694,41342,-3.5564
DATA,-3.5770,0.0893,41367,-3.4878
DATA,-3.6383,-0.0409,41392,-3.6792
DATA,-3.6516,-0.0834,41428,-3.7350
DATA,-3.5801,0.1349,41453,-3.4451
DATA,-3.6938,0.1717,41478,-3.5220
DATA,-3.5550,-0.0085,41502,-3.5635
DATA,-3.6032,0.0737,41527,-3.5295
DATA,-3.5266,-0.0394,41551,-3.5659
DATA,-3.4301,0.0091,41576,-3.4211
DATA,-3.5140,0.0373,41600,-3.4767
DATA,-3.6189,-0.0486,41625,-3.6675
DATA,-3.4976,-0.0229,41650,-3.5205
DATA,-3.6044,-0.0178,41674,-3.6222
DATA,-3.4668,-0.0502,41699,-3.5170
DATA,-3.4780,-0.0995,41723,-3.5775
DATA,-3.5377,0.0137,41760,-3.5239
DATA,-3.4904,0.0815,41785,-3.4089
DATA,-3.5824,-0.0383,41809,-3.6208
DATA,-3.5211,0.0647,41834,-3.4564
DATA,-3.4447,0.0297,41859,-3.4149
DATA,-3.4498,0.0211,41883,-3.4287
DATA,-3.4052,0.1652,41908,-3.2400
DATA,-3.4923,0.1189,41932,-3.3734
DATA,-3.4697,-0.0662,41957,-3.5359
DATA,-3.4998,0.1099,41981,-3.3899
DATA,-3.4168,-0.0328,42006,-3.4496
DATA,-3.4581,0.1368,42031,-3.3213
DATA,-3.4186,0.0373,42055,-3.3813
DATA,-3.4640,-0.0111,42080,-3.4751
DATA,-3.3679,0.0035,42117,-3.3643
DATA,-3.4647,0.0544,42141,-3.4104
DATA,-3.7051,-0.0208,42166,-3.7259
DATA,-6.1613,0.0618,42190,-6.0994
DATA,-8.0427,0.0001,42215,-8.0426
DATA,-11.1488,0.1002,42239,-11.0487
DATA,-13.6525,0.0146,42264,-13.6379
DATA,-14.7190,0.0198,42289,-14.6992
DATA,-15.1205,0.0816,42313,-15.0389
DATA,-15.2805,0.0769,42338,-15.2036
DATA,-15.3691,0.1105,42362,-15.2586
DATA,-16.4980,0.0483,42387,-16.4496
DATA,-16.9442,0.0520,42411,-16.8922
DATA,-16.7560,0.0207,42448,-16.7353
DATA,-17.1924,0.0054,42473,-17.1870
DATA,-16.7768,0.0565,42497,-16.7204
DATA,-15.0984,-0.0747,42522,-15.1731
DATA,-12.7336,-0.0058,42547,-12.7394
DATA,-9.2242,-0.0177,42571,-9.2420
DATA,-5.6690,-0.0066,42596,-5.6756
DATA,-3.7115,-0.1266,42620,-3.8381
DATA,-3.6788,0.0465,42645,-3.6323
DATA,-3.5743,-0.0438,42670,-3.6181
DATA,-3.6126,0.0934,42694,-3.5192
DATA,-3.6133,-0.0412,42719,-3.6545
DATA,-3.5581,0.0545,42743,-3.5036
DATA,-3.5962,0.0932,42768,-3.5030
DATA,-3.5284,-0.0243,42805,-3.5526
DATA,-3.6497,0.0242,42829,-3.6256
DATA,-3.5878,0.1509,42854,-3.4368
DATA,-3.6552,0.1000,42878,-3.5552
DATA,-3.6373,0.0266,42903,-3.6106
DATA,-3.7800,-0.0155,42928,-3.7955
DATA,-3.5301,0.1124,42952,-3.4177
DATA,-3.5463,0.0831,42977,-3.4632
DATA,-3.5219,0.0007,43001,-3.5212
DATA,-3.5318,-0.0640,43026,-3.5958
DATA,-3.6673,0.1282,43050,-3.5391
DATA,-3.5400,0.0093,43075,-3.5307
DATA,-3.6002,0.0826,43100,-3.5175
DATA,-3.8003,-0.0274,43136,-3.8277
DATA,-4.1699,-0.0088,43161,-4.1788
DATA,-4.1390,0.0069,43186,-4.1321
DATA,-4.0532,-0.1638,43210,-4.2171
DATA,-2.0392,-0.2077,43235,-2.2469
DATA,-1.0456,-0.0687,43259,-1.1143
DATA,-0.7103,0.0353,43284,-0.6750
DATA,0.6082,0.0055,43308,0.6136
DATA,2.4209,0.0772,43333,2.4980
DATA,4.5010,0.0558,43358,4.5568
DATA,6.1973,0.0160,43382,6.2133
DATA,6.9231,0.0016,43407,6.9247
DATA,7.4578,-0.0071,43431,7.4508
DATA,9.0208,-0.0886,43456,8.9322
DATA,9.8053,-0.0533,43493,9.7520
DATA,9.5269,0.1001,43517,9.6270
DATA,9.8076,-0.0203,43542,9.7873
DATA,9.9781,0.0323,43566,10.0105
DATA,9.9399,0.1137,43591,10.0536
DATA,10.2290,-0.0773,43616,10.1517
DATA,10.3739,0.0659,43640,10.4398
DATA,10.1621,-0.0156,43665,10.1465
DATA,10.5186,0.0526,43689,10.5712
DATA,11.3255,0.0982,43714,11.4237
DATA,11.9068,0.1197,43738,12.0265
DATA,11.5044,0.0363,43763,11.5407
DATA,10.8880,-0.0063,43788,10.8817
DATA,10.0632,0.0160,43825,10.0792
DATA,9.0394,0.0379,43849,9.0773
DATA,7.7125,0.0217,43874,7.7343
DATA,5.6871,-0.0404,43898,5.6466
DATA,2.8772,0.0255,43923,2.9027
DATA,0.2371,-0.0019,43947,0.2352
DATA,-0.0213,0.0806,43972,0.0592
DATA,0.0843,0.0489,43997,0.1333
DATA,-0.0805,0.1089,44021,0.0285
DATA,-0.0629,-0.0495,44046,-0.1124
DATA,-0.0668,-0.0108,44070,-0.0776
DATA,-0.0739,-0.0060,44095,-0.0799
DATA,-0.1186,0.0572,44119,-0.0613
DATA,-0.1056,0.0235,44144,-0.0820
DATA,-0.0610,-0.0677,44181,-0.1287
DATA,-0.2545,-0.0857,44205,-0.3402
DATA,-0.0526,0.1664,44230,0.1137
DATA,-0.1398,0.0178,44255,-0.1220
DATA,-0.1092,-0.0266,44279,-0.1359
DATA,-0.0490,0.0133,44304,-0.0356
DATA,-0.0851,-0.0372,44328,-0.1223
DATA,-0.0618,0.0507,44353,-0.0111
DATA,-0.1081,0.1219,44377,0.0139
DATA,-0.1192,0.0414,44402,-0.0778
DATA,-0.1279,0.1417,44427,0.0138
DATA,-0.1500,-0.0508,44451,-0.2008
DATA,-0.0675,0.0634,44476,-0.0041
DATA,-0.1799,-0.0294,44500,-0.2092
DATA,-0.1676,-0.0298,44537,-0.1974
DATA,-0.1512,0.0087,44562,-0.1425
DATA,-0.1108,-0.0052,44586,-0.1160
DATA,-0.1297,-0.0095,44611,-0.1392
DATA,-0.2338,0.0743,44635,-0.1595
DATA,-0.0890,-0.0261,44660,-0.1151
DATA,-0.0579,0.0111,44685,-0.0468
DATA,0.0955,-0.0619,44709,0.0335
DATA,1.5493,0.0238,44734,1.5732
DATA,3.3021,-0.0091,44758,3.2930
DATA,4.6518,0.0684,44783,4.7203
DATA,6.0948,0.0051,44808,6.0998
DATA,7.2613,0.0402,44832,7.3015
DATA,8.0782,0.0457,44869,8.1239
DATA,7.9970,0.0903,44894,8.0873
DATA,8.4396,-0.0224,44918,8.4171
DATA,8.9874,0.0653,44943,9.0527
DATA,9.7838,0.1665,44967,9.9503
DATA,10.6114,0.0904,44992,10.7018
DATA,11.3864,0.0499,45016,11.4363
DATA,11.3673,0.1296,45041,11.4969
DATA,11.6321,0.0157,45066,11.6478
DATA,12.0990,-0.0446,45090,12.0543
DATA,12.6249,-0.0036,45115,12.6213
DATA,12.4656,0.0552,45139,12.5208
DATA,12.1975,-0.0181,45164,12.1795
DATA,10.9985,0.0467,45189,11.0453
DATA,8.1763,-0.0127,45225,8.1636
DATA,4.3134,-0.0326,45250,4.2807
DATA,1.7284,0.0546,45275,1.7830
DATA,0.2051,0.0611,45299,0.2662
DATA,0.0690,-0.0095,45324,0.0594
DATA,0.0499,-0.0053,45348,0.0446
DATA,-0.0071,0.0724,45373,0.0652
DATA,0.0504,0.0671,45397,0.1175
DATA,0.0678,-0.0048,45422,0.0630
DATA,0.0759,0.0279,45447,0.1038
DATA,-0.0305,-0.0173,45471,-0.0478
DATA,0.0686,0.0463,45496,0.1149
DATA,-0.0714,0.0343,45520,-0.0371
DATA,0.0235,0.0868,45557,0.1103
DATA,0.0393,0.0834,45582,0.1227
DATA,-0.0528,0.0947,45606,0.0420
DATA,0.0428,0.0794,45631,0.1222
DATA,0.0006,0.1055,45655,0.1061
DATA,-0.0579,0.0316,45680,-0.0263
DATA,-0.0882,0.1039,45705,0.0157
DATA,0.0029,-0.0787,45729,-0.0759
DATA,0.0106,-0.0493,45754,-0.0386
DATA,-0.1639,0.0894,45778,-0.0745
DATA,-0.0539,-0.0039,45803,-0.0578
DATA,-0.0721,0.0243,45827,-0.0478
DATA,-0.1107,0.1157,45852,0.0050
DATA,-0.0698,-0.0747,45877,-0.1445
DATA,-0.0407,0.0475,45913,0.0069
DATA,-0.0437,0.0901,45938,0.0464
DATA,-0.1287,-0.0087,45963,-0.1375
DATA,-0.0592,-0.0792,45987,-0.1383
DATA,0.0377,0.1100,46012,0.1477
DATA,-0.0884,0.1975,46036,0.1091
DATA,-0.0582,0.0688,46061,0.0106
DATA,-0.1545,-0.0495,46086,-0.2040
DATA,0.0329,0.1816,46110,0.2145
DATA,-0.1499,0.0455,46135,-0.1044
DATA,-0.1026,0.1190,46159,0.0164
DATA,-0.1014,0.0099,46184,-0.0915
DATA,0.4415,-0.1078,46208,0.3337
DATA,2.3762,0.0832,46245,2.4593
DATA,3.3521,-0.0977,46270,3.2544
DATA,4.1253,0.1638,46294,4.2891
DATA,4.1943,0.1014,46319,4.2957
DATA,4.7003,0.1659,46344,4.8662
DATA,5.4939,0.1228,46368,5.6167
DATA,5.8988,0.2083,46393,6.1071
DATA,5.6755,0.0501,46417,5.7256
DATA,6.3586,0.0444,46442,6.4030
DATA,8.4301,-0.0395,46466,8.3906
DATA,10.1470,0.1763,46491,10.3233
DATA,11.9014,0.0361,46516,11.9374
DATA,11.8881,0.0553,46540,11.9433
DATA,11.5568,0.0233,46565,11.5801
DATA,11.2512,0.0331,46602,11.2843
DATA,10.5713,-0.0096,46626,10.5618
DATA,8.6562,-0.0540,46651,8.6022
DATA,7.1612,-0.0589,46675,7.1022
DATA,6.6969,-0.0341,46700,6.6628
DATA,7.0321,0.1089,46725,7.1410
DATA,6.1840,0.0060,46749,6.1900
DATA,4.2424,-0.0121,46774,4.2303
DATA,3.0635,0.0754,46798,3.1388
DATA,0.3127,0.0644,46823,0.3771
DATA,0.1276,-0.0792,46847,0.0484
DATA,0.0380,0.0429,46872,0.0809
DATA,0.0984,0.0175,46897,0.1159
DATA,0.0136,0.0224,46933,0.0359
DATA,-0.0031,-0.0895,46958,-0.0926
DATA,0.0805,0.0459,46983,0.1264
DATA,0.0090,-0.0091,47007,-0.0000
DATA,-0.0682,0.0545,47032,-0.0137
DATA,0.0310,0.0368,47056,0.0679
DATA,-0.0077,-0.0115,47081,-0.0192
DATA,0.0420,0.0744,47105,0.1164
DATA,0.0049,0.0413,47130,0.0462
DATA,-0.0748,-0.1224,47155,-0.1972
DATA,-0.0353,-0.0454,47179,-0.0807
DATA,-0.0276,0.0618,47204,0.0343
DATA,-0.1367,-0.0003,47228,-0.1370
DATA,0.0193,-0.0329,47253,-0.0136
DATA,-0.0844,0.0173,47290,-0.0671
DATA,-0.0029,-0.0035,47314,-0.0064
DATA,-0.0811,0.1345,47339,0.0533
DATA,-0.0503,0.0297,47364,-0.0206
DATA,0.0417,-0.0075,47388,0.0342
DATA,-0.0236,-0.0615,47413,-0.0851
DATA,0.0360,0.0809,47437,0.1169
DATA,-0.0923,0.0521,47462,-0.0403
DATA,-0.1288,0.0489,47486,-0.0799
DATA,-0.1633,0.0092,47511,-0.1541
DATA,-0.0519,-0.0349,47536,-0.0868
DATA,-0.1195,-0.0295,47560,-0.1490
DATA,-0.0833,0.0932,47585,0.0099
DATA,-0.0654,-0.0550,47622,-0.1204
DATA,-0.1125,0.0036,47646,-0.1089
DATA,-0.1157,0.0476,47671,-0.0681
DATA,-0.1119,0.1333,47695,0.0214
DATA,-0.0488,-0.1127,47720,-0.1616
DATA,-0.0943,-0.0574,47745,-0.1517
DATA,-0.0567,-0.0243,47769,-0.0809
DATA,-0.1340,0.0322,47794,-0.1018
DATA,-0.1167,-0.0089,47818,-0.1256
DATA,2.1367,0.0078,47843,2.1445
DATA,5.8638,0.0392,47867,5.9030
DATA,7.4918,0.0953,47892,7.5871
DATA,9.7972,-0.0568,47917,9.7404
DATA,11.1847,0.0370,47941,11.2217
DATA,11.2287,0.0046,47978,11.2334
DATA,10.5823,0.0489,48003,10.6313
DATA,9.4885,-0.1040,48027,9.3845
DATA,9.0918,0.1524,48052,9.2442
DATA,9.4970,0.1718,48076,9.6688
DATA,9.3835,-0.0346,48101,9.3489
DATA,8.6676,0.0632,48125,8.7307
DATA,8.3900,0.0783,48150,8.4683
DATA,7.4556,0.0407,48175,7.4963
DATA,6.6324,0.0775,48199,6.7099
DATA,5.7300,0.0208,48224,5.7508
DATA,6.3985,0.0071,48248,6.4056
DATA,6.4448,0.0325,48273,6.4773
DATA,5.5156,-0.1302,48310,5.3854
DATA,4.5852,0.0233,48334,4.6085
DATA,2.8460,0.0755,48359,2.9215
DATA,0.9408,0.0032,48383,0.9440
DATA,-0.1375,0.0655,48408,-0.0720
DATA,-0.0545,0.0481,48433,-0.0065
DATA,0.0816,0.1067,48457,0.1883
DATA,-0.1419,0.0961,48482,-0.0458
DATA,-0.0410,0.1408,48506,0.0998
DATA,0.0070,-0.0280,48531,-0.0210
DATA,-0.1122,-0.0273,48555,-0.1394
DATA,-0.0203,0.1367,48580,0.1164
DATA,0.0035,-0.0099,48605,-0.0064
DATA,-0.0273,-0.0346,48629,-0.0619
DATA,-0.0361,0.0541,48666,0.0179
DATA,-0.0007,0.0184,48691,0.0177
DATA,-0.0894,0.0039,48715,-0.0855
DATA,-0.0111,0.0739,48740,0.0628
DATA,-0.1188,0.0386,48764,-0.0802
DATA,-0.0855,0.0252,48789,-0.0603
DATA,-0.0938,0.0954,48814,0.0016
DATA,-0.0348,-0.0874,48838,-0.1222
DATA,-0.0082,-0.0316,48863,-0.0399
DATA,-0.0758,-0.0526,48887,-0.1284
DATA,-0.2373,0.1199,48912,-0.1174
DATA,-0.5124,0.0105,48936,-0.5019
DATA,-5.6146,0.1005,48961,-5.5141
DATA,-12.4271,0.1295,48998,-12.2976
DATA,-19.1306,0.1428,49022,-18.9878
DATA,-22.4626,0.0558,49047,-22.4068
DATA,-24.3769,0.0717,49072,-24.3053
DATA,-26.4569,0.0565,49096,-26.4004
DATA,-29.6117,0.0529,49121,-29.5588
DATA,-32.1856,0.0496,49145,-32.1360
DATA,-33.6360,-0.0411,49170,-33.6771
DATA,-34.8413,0.1298,49194,-34.7115
DATA,-35.6487,0.0948,49219,-35.5539
DATA,-34.9278,0.0181,49244,-34.9097
DATA,-34.2306,0.0638,49268,-34.1668
DATA,-31.1318,-0.0365,49293,-31.1682
DATA,-24.6635,0.0324,49317,-24.6312
DATA,-15.1930,-0.0024,49354,-15.1954
DATA,-5.9205,0.1515,49379,-5.7690
DATA,-3.9755,0.1725,49403,-3.8030
DATA,-3.8273,0.0077,49428,-3.8196
DATA,-3.7193,0.0845,49452,-3.6348
DATA,-3.7927,0.0696,49477,-3.7231
DATA,-3.7663,0.0451,49502,-3.7212
DATA,-3.7441,0.0012,49526,-3.7430
DATA,-3.7205,-0.0717,49551,-3.7923
DATA,-3.6565,0.0522,49575,-3.6043
DATA,-3.7056,-0.0476,49600,-3.7532
DATA,-3.6552,0.1234,49624,-3.5318
DATA,-3.6720,0.0177,49649,-3.6543
DATA,-3.6538,0.1901,49686,-3.4637
DATA,-3.6915,0.0205,49710,-3.6710
DATA,-3.5672,-0.0062,49735,-3.5735
DATA,-3.5810,0.0302,49760,-3.5508
DATA,-3.6395,0.0753,49784,-3.5642
DATA,-3.6471,0.0495,49809,-3.5976
DATA,-3.6182,0.0347,49833,-3.5834
DATA,-3.6749,-0.0693,49858,-3.7442
DATA,-3.6526,0.0681,49883,-3.5845
DATA,-3.6629,0.0303,49907,-3.6326
DATA,-3.5715,0.0586,49932,-3.5129
DATA,-3.5973,0.1261,49956,-3.4712
DATA,-3.5346,0.1181,49981,-3.4166
DATA,-3.5410,0.0556,50018,-3.4854
DATA,-3.5831,0.0192,50042,-3.5639
DATA,-3.5858,0.0347,50067,-3.5511
DATA,-3.5470,-0.0052,50091,-3.5522
DATA,-3.5377,0.0054,50116,-3.5323
DATA,-3.5478,0.0280,50141,-3.5198
DATA,-3.5671,0.1470,50165,-3.4201
DATA,-5.8993,0.0108,50190,-5.8884
DATA,-11.6895,0.0262,50214,-11.6633
DATA,-15.3440,-0.0858,50239,-15.4299
DATA,-16.6589,0.1417,50263,-16.5172
DATA,-18.2004,-0.0289,50288,-18.2294
DATA,-20.1171,0.0151,50313,-20.1020
DATA,-20.1832,0.0623,50337,-20.1210
DATA,-19.2132,-0.0156,50374,-19.2288
DATA,-19.3680,0.0281,50399,-19.3399
DATA,-20.5799,0.0111,50423,-20.5688
DATA,-21.2687,0.0128,50448,-21.2559
DATA,-22.1489,0.0507,50472,-22.0982
DATA,-21.8554,0.0582,50497,-21.7972
DATA,-20.9466,-0.0172,50521,-20.9638
DATA,-17.8747,0.0578,50546,-17.8169
DATA,-10.5810,-0.0641,50571,-10.6451
DATA,-4.9970,-0.0826,50595,-5.0795
DATA,-4.1102,0.0108,50620,-4.0994
DATA,-3.9680,0.0341,50644,-3.9340
DATA,-3.9774,-0.0949,50669,-4.0724
DATA,-3.9382,-0.0838,50706,-4.0220
DATA,-3.8437,0.0367,50730,-3.8070
DATA,-3.7942,-0.0842,50755,-3.8783
DATA,-3.8160,0.0349,50779,-3.7811
DATA,-3.9376,-0.0392,50804,-3.9768
DATA,-3.8417,0.0298,50829,-3.8119
DATA,-3.8930,0.0337,50853,-3.8592
DATA,-3.9030,0.0418,50878,-3.8611
DATA,-3.8159,0.0863,50902,-3.7296
DATA,-3.8794,-0.0220,50927,-3.9014
DATA,-3.9072,0.0074,50951,-3.8998
DATA,-3.7592,0.0820,50976,-3.6772
DATA,-3.7754,0.1267,51001,-3.6486
DATA,-3.7559,0.0233,51025,-3.7326
DATA,-3.7496,-0.0182,51062,-3.7678
DATA,-3.5927,0.0792,51087,-3.5135
DATA,-3.8756,0.0435,51111,-3.8322
DATA,-3.6895,-0.0254,51136,-3.7149
DATA,-3.8089,0.0083,51160,-3.8005
DATA,-3.7057,0.0323,51185,-3.6733
DATA,-3.7438,0.0712,51210,-3.6726
DATA,-3.7736,0.1402,51234,-3.6334
DATA,-3.6950,0.0306,51259,-3.6644
DATA,-3.6867,0.0860,51283,-3.6007
DATA,-3.5970,0.0256,51308,-3.5714
DATA,-3.6448,0.0417,51332,-3.6030
DATA,-3.7292,0.0387,51357,-3.6905
DATA,-3.5891,0.0994,51394,-3.4897
DATA,-3.6719,-0.0122,51418,-3.6841
DATA,-3.6157,-0.0018,51443,-3.6176
DATA,-3.7830,0.0810,51468,-3.7020
DATA,-3.7404,0.0257,51492,-3.7147
DATA,-3.6256,-0.0564,51517,-3.6819
DATA,-4.8417,0.1142,51541,-4.7275
DATA,-6.9770,0.1042,51566,-6.8728
DATA,-10.0506,0.0518,51590,-9.9988
DATA,-13.9487,0.1252,51615,-13.8236
DATA,-16.6522,-0.0523,51640,-16.7045
DATA,-17.9930,0.1462,51664,-17.8468
DATA,-18.3466,0.0133,51689,-18.3333
DATA,-18.5880,0.0599,51713,-18.5281
DATA,-19.1756,0.0843,51750,-19.0913
DATA,-17.6970,-0.0573,51775,-17.7542
DATA,-15.5410,0.0183,51799,-15.5227
DATA,-14.6995,-0.0005,51824,-14.7000
DATA,-13.8049,0.0649,51849,-13.7400
DATA,-10.4390,0.1125,51873,-10.3265
DATA,-6.5176,-0.0833,51898,-6.6008
DATA,-4.1985,-0.0834,51922,-4.2819
DATA,-4.0713,0.0527,51947,-4.0186
DATA,-4.0044,0.0176,51971,-3.9868
DATA,-3.9008,-0.0549,51996,-3.9557
DATA,-3.9378,0.0650,52021,-3.8728
DATA,-3.7762,-0.0079,52045,-3.7842
DATA,-3.8824,0.0278,52070,-3.8545
DATA,-3.7949,0.1201,52107,-3.6748
DATA,-3.9035,0.0646,52131,-3.8389
DATA,-3.7633,-0.0034,52156,-3.7667
DATA,-3.8654,0.0571,52180,-3.8083
DATA,-3.8270,0.0483,52205,-3.7787
DATA,-3.7782,-0.0199,52229,-3.7982
DATA,-3.7562,-0.0709,52254,-3.8271
DATA,-3.9301,-0.0877,52279,-4.0178
DATA,-3.7718,0.0291,52303,-3.7427
DATA,-3.8281,-0.0250,52328,-3.8531
DATA,-3.8099,0.0318,52352,-3.7780
DATA,-3.6545,0.0347,52377,-3.6198
DATA,-3.6952,0.0571,52401,-3.6381
DATA,-3.6410,-0.0321,52438,-3.6731
DATA,-3.7085,0.0332,52463,-3.6753
DATA,-3.8031,0.1207,52487,-3.6825
DATA,-3.8220,-0.0643,52512,-3.8863
DATA,-3.7399,-0.0317,52537,-3.7717
DATA,-3.7887,0.1693,52561,-3.6195
DATA,-3.7823,-0.0879,52586,-3.8702
DATA,-3.7577,0.0731,52610,-3.6845
DATA,-3.7541,0.0276,52635,-3.7266
DATA,-3.6728,0.0857,52660,-3.5871
DATA,-3.7432,0.0289,52684,-3.7143
DATA,-3.7326,0.0325,52709,-3.7001
DATA,-3.6775,0.0263,52733,-3.6513
DATA,-3.6184,0.0124,52758,-3.6060
DATA,-3.7330,-0.0603,52795,-3.7932
DATA,-3.8259,-0.0432,52819,-3.8691
DATA,-4.8483,0.1005,52844,-4.7478
DATA,-6.1545,0.0985,52868,-6.0560
DATA,-7.8309,0.0909,52893,-7.7399
DATA,-9.3706,0.0173,52918,-9.3533
DATA,-10.1890,-0.1358,52942,-10.3248
DATA,-10.6142,0.0022,52967,-10.6120
DATA,-11.2932,0.0361,52991,-11.2571
DATA,-11.6176,0.2044,53016,-11.4132
DATA,-11.8156,0.0754,53040,-11.7402
DATA,-11.3254,0.1518,53065,-11.1736
DATA,-10.2871,-0.0415,53090,-10.3286
DATA,-9.8376,0.0110,53126,-9.8266
DATA,-8.9210,0.0752,53151,-8.8458
DATA,-7.4942,0.0457,53176,-7.4485
DATA,-7.3242,-0.0088,53200,-7.3330
DATA,-7.6412,-0.0411,53225,-7.6823
DATA,-6.8396,0.2132,53249,-6.6265
DATA,-5.7671,-0.1586,53274,-5.9258
DATA,-4.5111,0.0596,53298,-4.4515
DATA,-3.7797,0.0939,53323,-3.6857
DATA,-3.7189,-0.0277,53348,-3.7467
DATA,-3.7675,-0.0158,53372,-3.7833
DATA,-3.7277,0.0228,53397,-3.7048
DATA,-3.8525,0.0712,53421,-3.7813
DATA,-3.7784,0.0157,53446,-3.7627
DATA,-3.7477,-0.0171,53483,-3.7647
DATA,-3.7742,0.0659,53507,-3.7083
DATA,-3.9035,0.0602,53532,-3.8432
DATA,-3.6971,0.2191,53556,-3.4780
DATA,-3.7821,-0.0329,53581,-3.8151
DATA,-3.7330,-0.1506,53606,-3.8836
DATA,-3.8766,0.0453,53630,-3.8313
DATA,-3.8542,-0.0458,53655,-3.9000
DATA,-3.8126,-0.0654,53679,-3.8781
DATA,-3.7609,-0.1195,53704,-3.8804
DATA,-3.9171,0.0835,53729,-3.8336
DATA,-3.7733,-0.0270,53753,-3.8003
DATA,-3.7607,0.0447,53778,-3.7160
DATA,-3.8048,0.1335,53815,-3.6713
DATA,-3.8434,0.1105,53839,-3.7329
DATA,-3.8723,0.0695,53864,-3.8028
DATA,-3.8194,0.0179,53888,-3.8014
DATA,-3.8358,0.0128,53913,-3.8230
DATA,-3.7876,0.1436,53937,-3.6439
DATA,-3.6144,0.2149,53962,-3.3994
DATA,-3.6067,0.0621,53987,-3.5446
DATA,-3.6926,0.3995,54011,-3.2931
DATA,-3.7004,-0.5924,54036,-4.2928
DATA,-3.4430,-0.2670,54060,-3.7100
DATA,-3.6032,0.0533,54085,-3.5499
DATA,-3.5047,0.0427,54110,-3.4620
DATA,-3.5923,0.0399,54134,-3.5525
DATA,-3.4722,-0.0611,54171,-3.5333
DATA,-3.5793,0.0037,54196,-3.5756
DATA,-3.5161,-0.0793,54220,-3.5954
DATA,-3.5622,0.0497,54245,-3.5125
DATA,-3.5723,-0.0568,54269,-3.6291
DATA,-3.6545,0.1520,54294,-3.5025
DATA,-3.6331,0.0193,54318,-3.6138
DATA,-3.5905,0.0058,54343,-3.5847
DATA,-3.4720,0.0939,54368,-3.3781
DATA,-3.5762,0.0009,54392,-3.5753
DATA,-3.6599,0.0079,54417,-3.6519
DATA,-3.4884,0.0608,54441,-3.4276
DATA,-3.5165,0.0202,54466,-3.4962
DATA,-3.5543,-0.1354,54503,-3.6897
DATA,-3.5069,0.0495,54527,-3.4574
DATA,-3.6256,0.0937,54552,-3.5318
DATA,-3.4856,0.1469,54576,-3.3387
DATA,-3.4927,0.0124,54601,-3.4803
DATA,-3.4977,-0.0151,54626,-3.5127
DATA,-3.5292,0.1371,54650,-3.3921
DATA,-3.5154,0.1049,54675,-3.4105
DATA,-3.5754,0.1349,54699,-3.4405
DATA,-3.5067,0.0597,54724,-3.4470
DATA,-3.6107,-0.0138,54749,-3.6245
DATA,-3.6082,0.0768,54773,-3.5314
DATA,-3.5290,0.0325,54798,-3.4966
DATA,-3.4997,-0.0289,54822,-3.5286
DATA,-3.4599,0.0341,54859,-3.4258
DATA,-3.5706,0.0118,54884,-3.5588
DATA,-3.4930,0.1335,54908,-3.3595
DATA,-3.5369,0.0577,54933,-3.4792
DATA,-3.6045,0.0216,54957,-3.5829
DATA,-3.5204,0.0637,54982,-3.4567
DATA,-3.5426,0.0577,55007,-3.4849
DATA,-3.5118,-0.0375,55031,-3.5494
DATA,-3.5714,0.0101,55056,-3.5613
DATA,-3.6240,0.0693,55080,-3.5547
DATA,-3.5491,0.0398,55105,-3.5092
DATA,-3.5916,0.1339,55129,-3.4577
DATA,-3.5836,-0.0202,55154,-3.6038
DATA,-3.4361,-0.0934,55191,-3.5294
DATA,-3.6023,0.0532,55216,-3.5491
DATA,-3.5199,-0.0271,55240,-3.5470
DATA,-3.4939,-0.0124,55265,-3.5063
DATA,-3.4407,0.0778,55289,-3.3629
DATA,-3.4759,-0.0625,55314,-3.5384
DATA,-3.6074,0.1647,55338,-3.4427
DATA,-3.5720,0.1009,55363,-3.4711
DATA,-3.4646,0.1229,55388,-3.3417
DATA,-3.5773,0.1210,55412,-3.4563
DATA,-3.5497,-0.0231,55437,-3.5728
DATA,-3.5001,-0.1708,55461,-3.6709
DATA,-3.5563,0.0386,55486,-3.5177
DATA,-3.5450,0.0082,55510,-3.5368
DATA,-3.4790,0.0409,55547,-3.4381
DATA,-3.5295,0.1230,55572,-3.4065
DATA,-3.5549,0.0432,55596,-3.5118
DATA,-3.5488,-0.0927,55621,-3.6415
DATA,-3.5639,-0.0483,55646,-3.6122
DATA,-3.5558,0.0241,55670,-3.5317
DATA,-3.6082,0.0889,55695,-3.5193
DATA,-3.4881,0.1113,55719,-3.3768
DATA,-3.5695,0.0706,55744,-3.4989
DATA,-3.5991,-0.0163,55768,-3.6154
DATA,-3.5166,0.0368,55793,-3.4797
DATA,-3.4677,0.0812,55818,-3.3865
DATA,-3.5557,-0.0031,55842,-3.5588
DATA,-3.5027,0.0733,55879,-3.4294
DATA,-3.6019,0.0525,55904,-3.5495
DATA,-3.6342,0.1328,55928,-3.5014
DATA,-3.4741,-0.0482,55953,-3.5223
DATA,-3.5427,0.0066,55977,-3.5361
DATA,-3.5833,-0.0377,56002,-3.6210
DATA,-3.5183,-0.0292,56027,-3.5474
DATA,-3.5084,-0.0118,56051,-3.5202
DATA,-3.5567,0.0814,56076,-3.4753
DATA,-3.5367,-0.0523,56100,-3.5891
DATA,-3.5293,0.0068,56125,-3.5225
DATA,-3.4848,0.0419,56149,-3.4429
DATA,-3.5980,-0.0351,56174,-3.6331
