%, jaw1 [mN], jaw2 [mN], time [ms], gripForce [mN]
DATA,0.3833,0.0237,25347,0.4071
DATA,0.3644,-0.0130,25371,0.3514
DATA,0.3616,-0.0059,25396,0.3557
DATA,0.2621,0.0826,25433,0.3447
DATA,0.2167,0.1253,25457,0.3420
DATA,0.3024,-0.0061,25482,0.2964
DATA,0.2066,-0.0237,25507,0.1829
DATA,0.3619,-0.0517,25531,0.3102
DATA,0.3212,0.0833,25556,0.4044
DATA,0.3669,-0.1289,25580,0.2380
DATA,0.2772,0.0619,25605,0.3391
DATA,0.4415,0.0478,25630,0.4893
DATA,0.3341,0.0186,25654,0.3527
DATA,0.4350,-0.0004,25679,0.4346
DATA,0.3520,-0.0549,25703,0.2971
DATA,0.3372,-0.0146,25728,0.3225
DATA,0.3468,0.0355,25765,0.3822
DATA,0.2730,-0.0322,25789,0.2409
DATA,0.3291,-0.0095,25814,0.3196
DATA,0.3759,-0.0005,25839,0.3755
DATA,0.2700,0.0081,25863,0.2781
DATA,0.3266,0.1256,25888,0.4522
DATA,0.3022,0.1335,25912,0.4357
DATA,0.2928,0.0498,25937,0.3426
DATA,0.2421,0.0454,25961,0.2876
DATA,0.4121,-0.0869,25986,0.3251
DATA,0.3542,-0.0988,26011,0.2555
DATA,0.3476,-0.0722,26035,0.2754
DATA,0.3486,-0.0192,26060,0.3294
DATA,0.3650,0.0327,26084,0.3978
DATA,0.3311,-0.0443,26121,0.2868
DATA,0.2113,0.0561,26146,0.2674
DATA,0.3336,-0.0239,26170,0.3098
DATA,0.4125,-0.0589,26195,0.3535
DATA,0.3679,0.1713,26220,0.5391
DATA,0.3204,0.1373,26244,0.4577
DATA,0.3487,0.0433,26269,0.3920
DATA,0.3282,0.0185,26293,0.3467
DATA,0.3358,-0.0561,26318,0.2797
DATA,0.4390,-0.0032,26343,0.4358
DATA,0.4178,-0.0221,26367,0.3957
DATA,0.3400,-0.0044,26392,0.3356
DATA,0.3475,0.0516,26416,0.3991
DATA,0.3566,-0.0022,26453,0.3544
DATA,0.4156,-0.1341,26478,0.2815
DATA,0.2129,0.0481,26502,0.2610
DATA,0.3238,0.0341,26527,0.3580
DATA,0.3414,-0.0704,26552,0.2710
DATA,0.3775,0.0434,26576,0.4209
DATA,0.3861,0.0074,26601,0.3935
DATA,0.3073,0.0218,26625,0.3292
DATA,0.3937,0.0173,26650,0.4109
DATA,0.3802,-0.0431,26675,0.3372
DATA,0.2829,-0.0442,26699,0.2387
DATA,0.4266,-0.0519,26724,0.3746
DATA,0.3551,-0.0073,26748,0.3479
DATA,0.3422,-0.1077,26773,0.2345
DATA,0.3683,0.0351,26810,0.4034
DATA,0.2393,0.1190,26834,0.3583
DATA,0.1659,-0.0241,26859,0.1419
DATA,0.1170,0.0038,26884,0.1208
DATA,0.2031,0.0415,26908,0.2447
DATA,0.1713,0.1558,26933,0.3271
DATA,0.1192,0.2262,26957,0.3454
DATA,0.2100,-0.0141,26982,0.1959
DATA,0.2340,0.0305,27007,0.2645
DATA,0.1535,0.0127,27031,0.1662
DATA,0.1524,0.0279,27056,0.1803
DATA,0.1814,0.0203,27080,0.2017
DATA,1.6885,-0.0013,27105,1.6872
DATA,5.0991,-0.0457,27130,5.0533
DATA,6.1620,-0.0697,27166,6.0923
DATA,7.0187,0.0709,27191,7.0896
DATA,7.6266,0.0312,27216,7.6578
DATA,7.2097,0.0322,27240,7.2419
DATA,7.0129,0.0511,27265,7.0640
DATA,7.3706,0.0463,27289,7.4170
DATA,8.0586,-0.0554,27314,8.0033
DATA,8.7362,0.0613,27339,8.7975
DATA,9.5499,0.1097,27363,9.6596
DATA,10.1737,0.0893,27388,10.2630
DATA,10.5973,-0.0181,27412,10.5792
DATA,11.4575,-0.1001,27437,11.3575
DATA,11.6106,-0.0481,27462,11.5625
DATA,11.9100,0.0282,27498,11.9382
DATA,12.0158,0.0079,27523,12.0237
DATA,11.2108,0.0372,27548,11.2480
DATA,9.6569,0.0374,27572,9.6943
DATA,7.7341,0.0024,27597,7.7365
DATA,6.0495,-0.0466,27621,6.0029
DATA,4.5594,0.0108,27646,4.5702
DATA,3.1341,0.0954,27671,3.2294
DATA,2.3193,0.0466,27695,2.3659
DATA,2.5539,0.0472,27720,2.6011
DATA,2.3386,-0.0584,27744,2.2802
DATA,2.3436,0.0834,27769,2.4269
DATA,2.4148,-0.0063,27794,2.4085
DATA,2.3686,-0.1269,27818,2.2416
DATA,2.3897,0.0575,27855,2.4472
DATA,2.3140,-0.0157,27880,2.2983
DATA,2.2222,-0.0044,27904,2.2177
DATA,2.3567,-0.0283,27929,2.3284
DATA,2.3845,0.0525,27953,2.4371
DATA,2.3208,0.0003,27978,2.3211
DATA,2.3564,0.0428,28003,2.3992
DATA,2.3231,0.0276,28027,2.3506
DATA,2.2611,-0.0936,28052,2.1675
DATA,2.2349,-0.0108,28076,2.2240
DATA,2.2617,-0.0424,28101,2.2193
DATA,2.3096,0.0309,28126,2.3406
DATA,2.2451,-0.0229,28150,2.2222
DATA,2.2548,0.0345,28175,2.2893
DATA,2.3239,-0.1262,28212,2.1977
DATA,2.3201,-0.0743,28236,2.2458
DATA,2.4928,0.0141,28261,2.5069
DATA,2.5133,0.1444,28285,2.6577
DATA,2.5158,0.0427,28310,2.5586
DATA,2.6394,0.0426,28335,2.6820
DATA,3.7131,-0.2057,28359,3.5074
DATA,4.2793,0.0210,28384,4.3003
DATA,4.7557,0.0878,28408,4.8434
DATA,4.0509,-0.0804,28433,3.9705
DATA,3.7165,0.0154,28458,3.7318
DATA,3.9412,0.0395,28482,3.9807
DATA,4.4935,0.1378,28507,4.6313
DATA,5.0811,0.0226,28544,5.1037
DATA,5.6841,0.0475,28568,5.7315
DATA,4.6112,0.0204,28593,4.6316
DATA,3.1041,0.0088,28617,3.1130
DATA,3.3478,0.0422,28642,3.3900
DATA,4.0448,0.1503,28667,4.1951
DATA,4.7687,-0.0257,28691,4.7430
DATA,5.1389,-0.0107,28716,5.1282
DATA,4.7743,0.0652,28740,4.8395
DATA,3.9635,0.0881,28765,4.0516
DATA,4.0561,0.0747,28790,4.1308
DATA,5.3501,0.0521,28814,5.4021
DATA,7.1434,-0.0217,28839,7.1217
DATA,7.4804,-0.0079,28863,7.4725
DATA,7.0287,0.0249,28900,7.0536
DATA,6.7360,-0.0664,28925,6.6696
DATA,5.4655,0.1435,28949,5.6090
DATA,3.5773,0.0185,28974,3.5957
DATA,2.7328,0.0688,28999,2.8017
DATA,3.0121,-0.0871,29023,2.9249
DATA,2.8050,-0.1165,29048,2.6885
DATA,2.4571,0.0308,29072,2.4880
DATA,2.2121,0.0545,29097,2.2666
DATA,2.2451,-0.0055,29122,2.2395
DATA,2.2984,-0.1018,29146,2.1966
DATA,2.3371,-0.1475,29171,2.1895
DATA,2.3480,0.0167,29195,2.3647
DATA,2.3767,-0.0409,29220,2.3358
DATA,2.3330,-0.0356,29257,2.2973
DATA,2.2002,0.0430,29281,2.2432
DATA,2.2113,-0.0291,29306,2.1823
DATA,2.2396,0.1738,29331,2.4135
DATA,2.3582,0.0162,29355,2.3743
DATA,2.1897,-0.0736,29380,2.1161
DATA,2.3092,0.0216,29404,2.3308
DATA,2.4041,0.0122,29429,2.4162
DATA,2.6340,-0.0001,29454,2.6339
DATA,3.0106,-0.0413,29478,2.9693
DATA,3.4178,-0.0585,29503,3.3593
DATA,4.0159,0.1107,29527,4.1266
DATA,5.0927,-0.0345,29552,5.0582
DATA,5.1811,0.1170,29589,5.2981
DATA,4.2430,0.0016,29613,4.2446
DATA,4.3494,0.1019,29638,4.4514
DATA,5.6875,0.0433,29663,5.7308
DATA,6.2599,-0.0176,29687,6.2422
DATA,5.6720,-0.0308,29712,5.6412
DATA,4.5241,0.1516,29736,4.6757
DATA,4.4316,0.0672,29761,4.4988
DATA,5.2635,0.0702,29785,5.3337
DATA,5.0536,0.0081,29810,5.0616
DATA,3.0105,0.0911,29835,3.1016
DATA,1.6838,0.0651,29859,1.7489
DATA,2.3487,0.0888,29884,2.4375
DATA,2.8892,0.1266,29908,3.0158
DATA,2.7927,0.0986,29945,2.8912
DATA,3.5207,-0.0218,29970,3.4989
DATA,4.4474,-0.0186,29995,4.4289
DATA,3.8480,-0.1208,30019,3.7272
DATA,3.0107,0.1246,30044,3.1353
DATA,2.5499,-0.0554,30068,2.4945
DATA,2.2916,-0.1141,30093,2.1776
DATA,2.2538,0.1098,30117,2.3636
DATA,2.1982,0.0275,30142,2.2257
DATA,2.2228,0.0159,30167,2.2387
DATA,2.2845,0.0846,30191,2.3691
DATA,2.2151,-0.0098,30216,2.2053
DATA,2.2435,-0.0777,30240,2.1658
DATA,2.3093,-0.0479,30277,2.2614
DATA,2.3253,-0.0487,30302,2.2765
DATA,2.1943,0.0609,30327,2.2552
DATA,2.1936,0.0303,30351,2.2239
DATA,2.2403,0.0652,30376,2.3055
DATA,2.3661,0.0386,30400,2.4047
DATA,2.9402,-0.1099,30425,2.8303
DATA,3.6048,-0.0202,30449,3.5846
DATA,4.1030,0.0385,30474,4.1415
DATA,4.3112,0.0462,30499,4.3573
DATA,4.5021,0.0446,30523,4.5467
DATA,4.6665,0.0330,30548,4.6995
DATA,4.5806,-0.0591,30572,4.5215
DATA,4.7905,0.0705,30597,4.8610
DATA,4.4637,-0.0445,30634,4.4193
DATA,5.2005,0.0245,30659,5.2251
DATA,6.9629,0.0073,30683,6.9703
DATA,7.5209,0.0751,30708,7.5960
DATA,7.7050,0.0461,30732,7.7511
DATA,7.1078,0.0212,30757,7.1290
DATA,7.1712,-0.0282,30782,7.1430
DATA,7.5413,-0.0253,30806,7.5160
DATA,7.6300,0.0301,30831,7.6601
DATA,5.7973,-0.0335,30855,5.7638
DATA,3.5903,0.0803,30880,3.6705
DATA,3.2015,-0.0703,30904,3.1313
DATA,5.2039,0.0162,30929,5.2201
DATA,7.7058,-0.0466,30954,7.6592
DATA,8.4445,-0.0498,30991,8.3947
DATA,7.9349,-0.0082,31015,7.9266
DATA,7.9492,0.1038,31040,8.0530
DATA,8.0502,-0.0375,31064,8.0127
DATA,6.4038,0.1162,31089,6.5199
DATA,4.7211,0.0232,31114,4.7443
DATA,5.0782,0.0289,31138,5.1071
DATA,5.3055,0.0439,31163,5.3493
DATA,4.2965,0.0352,31187,4.3318
DATA,4.4903,0.0772,31212,4.5675
DATA,6.0785,-0.0439,31237,6.0346
DATA,6.0591,0.1684,31261,6.2275
DATA,2.5804,-0.0049,31286,2.5755
DATA,-0.0630,-0.0264,31323,-0.0894
DATA,0.4436,0.1114,31347,0.5550
DATA,1.4439,-0.0055,31372,1.4384
DATA,2.2965,-0.0237,31396,2.2729
DATA,1.1708,-0.0060,31421,1.1648
DATA,2.2476,0.0808,31446,2.3285
DATA,2.1194,0.0314,31470,2.1508
DATA,2.0399,0.0276,31495,2.0675
DATA,2.2349,0.0078,31519,2.2427
DATA,2.1042,-0.0483,31544,2.0559
DATA,2.0061,-0.0357,31568,1.9704
DATA,2.2102,0.0337,31593,2.2439
DATA,2.1438,0.0183,31618,2.1621
DATA,2.0491,-0.0527,31642,1.9964
DATA,2.1491,-0.0070,31679,2.1421
DATA,2.0672,0.0149,31704,2.0821
DATA,2.0605,-0.0849,31728,1.9756
DATA,2.0832,0.0574,31753,2.1406
DATA,2.3055,-0.0854,31778,2.2200
DATA,2.7491,0.0194,31802,2.7684
DATA,3.3262,-0.1011,31827,3.2251
DATA,4.3395,0.0485,31851,4.3879
DATA,5.6113,-0.0288,31876,5.5825
DATA,5.9470,-0.0004,31900,5.9466
DATA,5.9319,-0.0051,31925,5.9269
DATA,6.1836,0.0498,31950,6.2334
DATA,6.2865,0.1009,31974,6.3875
DATA,5.2801,0.0359,31999,5.3161
DATA,5.3130,-0.0112,32036,5.3018
DATA,5.3004,-0.0522,32060,5.2483
DATA,5.3921,0.0231,32085,5.4152
DATA,6.1614,-0.0484,32110,6.1130
DATA,7.3163,0.0441,32134,7.3604
DATA,7.8044,-0.0097,32159,7.7947
DATA,8.6369,0.0403,32183,8.6773
DATA,9.4282,-0.0662,32208,9.3620
DATA,9.6589,0.0050,32232,9.6639
DATA,9.6033,-0.0582,32257,9.5451
DATA,10.2059,-0.0589,32282,10.1470
DATA,11.0858,0.1146,32306,11.2004
DATA,11.0302,-0.1460,32331,10.8842
DATA,10.3868,-0.1056,32368,10.2812
DATA,10.5007,-0.0022,32392,10.4985
DATA,11.0039,0.0514,32417,11.0553
DATA,10.7163,-0.0885,32442,10.6278
DATA,9.1997,0.0456,32466,9.2454
DATA,6.6184,-0.0592,32491,6.5592
DATA,4.8657,-0.0787,32515,4.7870
DATA,3.5282,-0.0163,32540,3.5119
DATA,2.4532,-0.0341,32564,2.4191
DATA,2.5165,0.1518,32589,2.6683
DATA,2.2532,0.0397,32614,2.2929
DATA,2.2015,0.1091,32638,2.3106
DATA,2.2067,-0.0042,32663,2.2024
DATA,2.1619,-0.0455,32687,2.1165
DATA,2.2198,0.2007,32724,2.4205
DATA,2.0942,0.0272,32749,2.1214
DATA,2.2080,-0.0311,32774,2.1769
DATA,2.1675,0.0197,32798,2.1872
DATA,2.1164,-0.0001,32823,2.1163
DATA,2.0268,0.0799,32847,2.1068
DATA,2.1481,-0.1194,32872,2.0286
DATA,2.1821,-0.0033,32896,2.1788
DATA,2.0982,-0.0389,32921,2.0593
DATA,2.3273,-0.0056,32946,2.3217
DATA,2.3298,-0.1054,32970,2.2243
DATA,3.0614,0.0488,32995,3.1103
DATA,3.3918,0.1212,33019,3.5130
DATA,3.1740,0.1221,33044,3.2961
DATA,3.1054,0.0598,33081,3.1652
DATA,3.1987,0.0636,33105,3.2623
DATA,3.2698,0.1034,33130,3.3731
DATA,4.5221,0.0564,33155,4.5784
DATA,6.5324,0.0524,33179,6.5848
DATA,8.0271,0.0507,33204,8.0778
DATA,8.4257,0.0472,33228,8.4729
DATA,7.7073,-0.0160,33253,7.6913
DATA,7.2828,0.0102,33278,7.2930
DATA,8.2057,0.0653,33302,8.2710
DATA,8.3277,-0.0229,33327,8.3048
DATA,6.2143,-0.0176,33351,6.1967
DATA,6.2282,0.1475,33376,6.3757
DATA,7.7581,-0.1071,33413,7.6511
DATA,7.4236,0.0086,33437,7.4322
DATA,5.5820,0.0307,33462,5.6127
DATA,5.1256,0.0735,33487,5.1991
DATA,5.8224,-0.0294,33511,5.7931
DATA,6.3957,0.0817,33536,6.4774
DATA,6.0801,-0.0615,33560,6.0186
DATA,6.4506,0.0161,33585,6.4667
DATA,6.3437,0.0677,33610,6.4114
DATA,5.7842,-0.0061,33634,5.7781
DATA,4.5818,0.0605,33659,4.6423
DATA,2.6172,0.0518,33683,2.6690
DATA,2.1491,0.0847,33708,2.2338
DATA,2.1230,0.0124,33733,2.1354
DATA,2.1422,-0.1036,33769,2.0386
DATA,2.1109,-0.0433,33794,2.0676
DATA,2.0559,0.0084,33819,2.0643
DATA,2.1193,-0.0377,33843,2.0816
DATA,2.0354,0.0596,33868,2.0950
DATA,2.1644,-0.0139,33892,2.1504
DATA,2.1084,0.0037,33917,2.1121
DATA,2.1898,0.0792,33942,2.2689
DATA,2.1251,0.0221,33966,2.1472
DATA,2.0547,0.0867,33991,2.1415
DATA,2.1199,-0.1115,34015,2.0083
DATA,1.9971,0.1925,34040,2.1895
DATA,2.1217,0.0766,34065,2.1983
DATA,2.1149,-0.0405,34089,2.0744
DATA,2.0158,0.0648,34126,2.0807
DATA,2.1373,-0.0019,34151,2.1354
DATA,2.0163,-0.0178,34175,1.9985
DATA,2.1629,0.0319,34200,2.1948
DATA,2.1472,-0.0608,34224,2.0864
DATA,2.1470,0.0424,34249,2.1894
DATA,2.0187,0.0652,34274,2.0838
DATA,2.0320,-0.0001,34298,2.0319
DATA,2.0238,-0.1342,34323,1.8897
DATA,1.9705,0.0248,34347,1.9953
DATA,2.0929,-0.1791,34372,1.9139
DATA,2.0497,0.0119,34397,2.0616
DATA,2.0661,-0.0989,34421,1.9672
DATA,2.1066,0.0356,34458,2.1421
DATA,2.0178,0.0407,34483,2.0585
DATA,2.2782,0.0395,34507,2.3177
DATA,3.1344,-0.0166,34532,3.1179
DATA,4.8050,-0.1407,34556,4.6643
DATA,6.1379,0.1014,34581,6.2393
DATA,6.6611,0.0595,34606,6.7206
DATA,6.9236,0.0585,34630,6.9821
DATA,6.6666,0.0228,34655,6.6895
DATA,6.7116,-0.0544,34679,6.6572
DATA,7.5987,-0.0694,34704,7.5293
DATA,7.9372,0.0114,34729,7.9486
DATA,7.0377,0.0285,34753,7.0662
DATA,7.2031,-0.0108,34778,7.1923
DATA,7.9210,0.0348,34815,7.9559
DATA,8.0366,-0.0322,34839,8.0044
DATA,7.2964,0.0564,34864,7.3528
DATA,7.0600,-0.0703,34888,6.9896
DATA,7.4160,-0.0023,34913,7.4137
DATA,8.1381,-0.0331,34938,8.1051
DATA,8.7278,-0.0976,34962,8.6301
DATA,8.3958,-0.0404,34987,8.3554
DATA,7.5022,-0.0567,35011,7.4455
DATA,6.7952,-0.0466,35036,6.7486
DATA,6.5644,-0.0480,35061,6.5164
DATA,6.0704,0.0409,35085,6.1113
DATA,5.5551,-0.0274,35110,5.5277
DATA,4.2693,-0.0000,35134,4.2693
DATA,2.9557,0.0345,35171,2.9902
DATA,2.7346,0.1183,35196,2.8529
DATA,2.6010,-0.0258,35220,2.5752
DATA,2.1673,-0.0097,35245,2.1576
DATA,2.1195,0.0282,35270,2.1478
DATA,1.9736,-0.0516,35294,1.9220
DATA,2.0383,0.0233,35319,2.0616
DATA,2.1774,0.0627,35343,2.2401
DATA,2.0469,-0.0912,35368,1.9557
DATA,2.0360,0.0395,35393,2.0754
DATA,2.0322,-0.0028,35417,2.0293
DATA,2.0655,0.0476,35442,2.1131
DATA,1.9981,0.1372,35466,2.1353
DATA,1.9794,-0.0614,35503,1.9180
DATA,2.3541,-0.0496,35528,2.3045
DATA,2.7669,-0.0084,35552,2.7586
DATA,2.7871,0.0409,35577,2.8279
DATA,3.6188,0.0275,35602,3.6463
DATA,5.7752,0.1055,35626,5.8807
DATA,8.9330,0.0571,35651,8.9901
DATA,7.5564,0.0849,35675,7.6413
DATA,7.0098,0.0014,35700,7.0112
DATA,8.5541,0.0681,35725,8.6222
DATA,9.1320,0.0354,35749,9.1674
DATA,7.5655,0.1134,35774,7.6788
DATA,7.5234,0.0361,35798,7.5594
DATA,8.6402,0.0527,35823,8.6929
DATA,8.5082,-0.0265,35860,8.4816
DATA,7.3234,0.0979,35884,7.4214
DATA,7.0298,-0.0396,35909,6.9902
DATA,7.9299,0.0993,35934,8.0292
DATA,8.1308,-0.0276,35958,8.1032
DATA,8.0063,-0.0003,35983,8.0061
DATA,7.8205,-0.0032,36007,7.8174
DATA,6.7523,0.0422,36032,6.7945
DATA,6.5650,-0.0009,36057,6.5640
DATA,6.7537,-0.0216,36081,6.7320
DATA,6.5063,0.0034,36106,6.5098
DATA,5.6165,-0.0599,36130,5.5566
DATA,5.6586,0.1023,36155,5.7610
DATA,6.4958,0.1386,36179,6.6343
DATA,6.4291,-0.0059,36216,6.4232
DATA,6.0098,-0.0503,36241,5.9595
DATA,6.1819,-0.0251,36266,6.1569
DATA,6.2290,0.0100,36290,6.2390
DATA,5.8357,0.0919,36315,5.9276
DATA,5.7981,0.1062,36339,5.9043
DATA,6.1702,-0.0313,36364,6.1389
DATA,6.2860,0.0525,36389,6.3384
DATA,5.5852,0.0745,36413,5.6597
DATA,5.8929,0.0452,36438,5.9381
DATA,7.7331,-0.1073,36462,7.6258
DATA,8.6705,0.0774,36487,8.7479
DATA,8.5134,0.1054,36511,8.6188
DATA,8.1415,0.0143,36548,8.1558
DATA,7.7224,-0.0638,36573,7.6586
DATA,7.9326,0.0363,36598,7.9689
DATA,8.5688,-0.0586,36622,8.5102
DATA,7.9105,-0.0011,36647,7.9094
DATA,6.8076,0.0144,36671,6.8220
DATA,5.8765,0.1059,36696,5.9824
DATA,5.9169,-0.0585,36721,5.8584
DATA,6.6744,0.0389,36745,6.7133
DATA,6.8954,-0.0185,36770,6.8769
DATA,6.6075,-0.0448,36794,6.5627
DATA,6.3434,-0.0538,36819,6.2896
DATA,6.6100,-0.0520,36843,6.5580
DATA,6.7940,0.1283,36868,6.9223
DATA,5.6197,-0.0185,36905,5.6012
DATA,5.0803,0.0775,36930,5.1578
DATA,4.7151,-0.0414,36954,4.6737
DATA,3.9555,-0.0057,36979,3.9498
DATA,4.1344,0.0020,37003,4.1364
DATA,4.3738,-0.0486,37028,4.3252
DATA,3.3319,0.0596,37052,3.3915
DATA,2.8571,0.0761,37077,2.9332
DATA,3.9789,0.0228,37102,4.0017
DATA,4.9941,0.0936,37126,5.0878
DATA,4.5391,0.0568,37151,4.5959
DATA,5.0338,0.0392,37175,5.0729
DATA,6.0469,0.1412,37200,6.1880
DATA,6.1482,-0.0876,37237,6.0606
DATA,6.8454,-0.0767,37262,6.7687
DATA,8.2175,0.0751,37286,8.2925
DATA,8.8989,-0.0926,37311,8.8063
DATA,8.1763,-0.1534,37335,8.0229
DATA,6.8395,0.0543,37360,6.8937
DATA,6.8597,0.1113,37384,6.9710
DATA,7.7998,-0.0044,37409,7.7954
DATA,7.4317,0.0611,37434,7.4928
DATA,5.8785,0.0469,37458,5.9254
DATA,5.0656,0.0624,37483,5.1279
DATA,5.7368,-0.0195,37507,5.7173
DATA,4.8981,0.0006,37532,4.8987
DATA,2.2442,0.1714,37557,2.4157
DATA,2.6567,0.0804,37593,2.7370
DATA,4.5477,0.0043,37618,4.5520
DATA,5.5416,-0.0076,37643,5.5339
DATA,4.1328,0.0065,37667,4.1393
DATA,2.5860,0.0738,37692,2.6598
DATA,2.6568,-0.1098,37716,2.5470
DATA,3.5389,-0.0395,37741,3.4994
DATA,4.1374,0.0605,37766,4.1979
DATA,3.8005,-0.0108,37790,3.7897
DATA,3.3788,-0.0780,37815,3.3008
DATA,2.8234,0.0217,37839,2.8451
DATA,2.2011,-0.0597,37864,2.1414
DATA,1.9204,0.0686,37889,1.9890
DATA,1.8751,0.0386,37913,1.9137
DATA,1.8702,0.2148,37950,2.0850
DATA,1.8296,0.0052,37975,1.8348
DATA,1.8381,0.0071,37999,1.8452
DATA,1.8476,0.0500,38024,1.8976
DATA,1.8955,0.0073,38048,1.9028
DATA,1.9671,0.0561,38073,2.0231
DATA,1.8026,-0.0261,38098,1.7766
DATA,1.8013,0.0066,38122,1.8078
DATA,1.7885,0.1348,38147,1.9233
DATA,1.7928,-0.0052,38171,1.7876
DATA,1.9390,0.1728,38196,2.1118
DATA,1.8366,0.0579,38221,1.8945
DATA,1.9418,0.0306,38245,1.9724
DATA,1.9047,0.0814,38282,1.9861
DATA,1.8716,0.1200,38307,1.9916
DATA,1.9099,0.0494,38331,1.9593
DATA,1.8488,0.0033,38356,1.8522
DATA,2.0140,-0.0707,38380,1.9433
DATA,1.9275,-0.0389,38405,1.8886
DATA,1.7638,-0.0538,38430,1.7100
DATA,1.9336,-0.0208,38454,1.9129
DATA,1.8661,-0.1188,38479,1.7474
DATA,1.8803,0.1899,38503,2.0703
DATA,1.7807,0.0669,38528,1.8476
DATA,1.8681,-0.0147,38553,1.8534
DATA,0.6244,0.0074,38577,0.6318
DATA,-3.4111,0.0523,38602,-3.3588
DATA,-3.1771,-0.0272,38639,-3.2043
DATA,-3.1271,0.1255,38663,-3.0016
DATA,-2.5758,0.0375,38688,-2.5384
DATA,-2.1958,-0.0036,38712,-2.1994
DATA,-2.0430,-0.0155,38737,-2.0585
DATA,-1.4886,0.0067,38762,-1.4818
DATA,-0.8204,-0.0848,38786,-0.9052
DATA,-0.6056,-0.0671,38811,-0.6726
DATA,-0.5372,-0.0334,38835,-0.5706
DATA,0.2341,0.0222,38860,0.2563
DATA,0.9072,-0.0087,38885,0.8985
DATA,1.1044,0.0662,38909,1.1706
DATA,0.6906,-0.1038,38934,0.5868
DATA,-0.8668,0.1305,38958,-0.7364
DATA,-1.2703,-0.0163,38995,-1.2866
DATA,-1.1435,0.1260,39020,-1.0175
DATA,-0.0866,-0.0067,39044,-0.0934
DATA,0.0530,0.0208,39069,0.0738
DATA,-0.4299,0.0806,39094,-0.3493
DATA,-0.8933,0.0818,39118,-0.8115
DATA,0.4519,-0.0160,39143,0.4359
DATA,0.4892,-0.0775,39167,0.4117
DATA,0.0327,-0.0266,39192,0.0061
DATA,1.0654,0.1005,39216,1.1659
DATA,2.7288,0.0331,39241,2.7619
DATA,4.3462,-0.0527,39266,4.2934
DATA,4.9089,-0.0066,39290,4.9023
DATA,3.9243,-0.0481,39327,3.8762
DATA,3.5273,0.0598,39352,3.5871
DATA,3.4984,0.0055,39376,3.5040
DATA,3.5359,-0.0205,39401,3.5154
DATA,3.4527,0.0171,39425,3.4697
DATA,3.3888,0.0879,39450,3.4768
DATA,3.5329,0.0651,39475,3.5980
DATA,3.4807,0.0572,39499,3.5379
DATA,3.5041,-0.0844,39524,3.4197
DATA,3.5322,0.0826,39548,3.6149
DATA,3.4746,0.0175,39573,3.4921
DATA,3.4631,0.0633,39598,3.5263
DATA,3.4531,-0.0751,39622,3.3780
DATA,2.6222,0.1406,39647,2.7628
DATA,2.1531,0.0461,39684,2.1991
DATA,0.6805,-0.0616,39708,0.6188
DATA,-0.3241,0.0977,39733,-0.2264
DATA,-1.3638,-0.1189,39757,-1.4827
DATA,-2.0271,0.0774,39782,-1.9497
DATA,-2.1468,-0.0355,39807,-2.1823
DATA,-2.5623,-0.0721,39831,-2.6344
DATA,-4.1905,0.1333,39856,-4.0572
DATA,-5.5205,0.1385,39880,-5.3820
DATA,-5.8454,0.0092,39905,-5.8362
DATA,-5.3894,-0.0366,39930,-5.4260
DATA,-3.9422,0.0544,39954,-3.8878
DATA,-2.7596,-0.0026,39979,-2.7623
DATA,-1.4084,0.0909,40016,-1.3174
DATA,1.8014,0.0591,40040,1.8605
DATA,4.5276,0.1060,40065,4.6336
DATA,4.8699,0.0000,40089,4.8699
DATA,4.4614,0.0208,40114,4.4822
DATA,4.3942,0.0500,40139,4.4442
DATA,4.3512,-0.0123,40163,4.3389
DATA,4.4285,-0.0615,40188,4.3670
DATA,4.3916,0.0848,40212,4.4765
DATA,4.2613,-0.0923,40237,4.1690
DATA,4.3387,0.1536,40262,4.4923
DATA,4.3870,0.0126,40286,4.3996
DATA,4.3142,-0.0601,40311,4.2541
DATA,4.3415,0.0448,40335,4.3863
DATA,4.1948,0.0283,40372,4.2230
DATA,4.2888,0.0216,40397,4.3104
DATA,4.3300,0.0943,40421,4.4243
DATA,4.2422,0.0946,40446,4.3369
DATA,4.2633,0.0357,40471,4.2990
DATA,4.2610,0.0261,40495,4.2871
DATA,4.1693,-0.0259,40520,4.1434
DATA,4.2803,-0.0488,40544,4.2315
DATA,4.1977,0.0091,40569,4.2068
DATA,4.2850,0.1292,40593,4.4142
DATA,2.8876,0.0883,40618,2.9759
DATA,0.7621,-0.0807,40643,0.6813
DATA,-1.4361,0.0042,40667,-1.4320
DATA,-3.9976,0.1216,40692,-3.8761
DATA,-7.3404,0.0164,40729,-7.3240
DATA,-11.3464,0.0266,40753,-11.3198
DATA,-14.6487,-0.0080,40778,-14.6567
DATA,-16.3789,0.1322,40802,-16.2468
DATA,-16.7644,0.0136,40827,-16.7507
DATA,-18.2632,0.0770,40852,-18.1862
DATA,-20.3535,-0.0351,40876,-20.3885
DATA,-22.0199,0.1093,40901,-21.9105
DATA,-23.2434,-0.0138,40925,-23.2572
DATA,-25.5066,-0.0165,40950,-25.5231
DATA,-27.3832,-0.0158,40975,-27.3990
DATA,-29.6219,0.1064,40999,-29.5155
DATA,-30.7733,0.0408,41024,-30.7325
DATA,-30.7116,0.0931,41061,-30.6186
DATA,-28.0300,0.0444,41085,-27.9856
DATA,-23.9481,-0.0089,41110,-23.9570
DATA,-19.8630,0.0188,41134,-19.8442
DATA,-14.7192,-0.0603,41159,-14.7795
DATA,-1.9861,-0.0167,41184,-2.0028
DATA,-0.2763,-0.0314,41208,-0.3076
DATA,-0.2585,-0.0313,41233,-0.2898
DATA,-0.1041,0.0198,41257,-0.0844
DATA,-0.0463,-0.0251,41282,-0.0714
DATA,-0.1034,0.0455,41307,-0.0579
DATA,-0.0232,-0.0053,41331,-0.0285
DATA,-0.0198,0.0701,41356,0.0503
DATA,-0.1343,-0.1118,41380,-0.2461
DATA,-0.0856,-0.0411,41417,-0.1267
DATA,-0.0902,0.0221,41442,-0.0681
DATA,-0.0036,0.0968,41466,0.0932
DATA,-0.0594,0.1822,41491,0.1228
DATA,-0.0021,-0.0099,41516,-0.0120
DATA,-0.0189,-0.0196,41540,-0.0385
DATA,-0.0651,-0.0035,41565,-0.0686
DATA,0.0585,0.0087,41589,0.0672
DATA,-0.0211,0.0036,41614,-0.0175
DATA,-0.0188,0.0522,41639,0.0334
DATA,0.0373,0.0212,41663,0.0584
DATA,0.0460,-0.0552,41688,-0.0092
DATA,0.0214,-0.0807,41712,-0.0594
DATA,0.1022,-0.0101,41749,0.0921
DATA,-0.1039,-0.0431,41774,-0.1470
DATA,0.0165,0.0142,41798,0.0307
DATA,0.1235,0.0314,41823,0.1550
DATA,-1.3035,-0.0135,41848,-1.3169
DATA,-2.1891,0.1303,41872,-2.0588
DATA,-4.2481,0.0424,41897,-4.2057
DATA,-6.2646,0.0862,41921,-6.1785
DATA,-8.0208,0.0841,41946,-7.9367
DATA,-9.5403,0.0736,41971,-9.4667
DATA,-11.3334,-0.0644,41995,-11.3978
DATA,-12.9264,-0.1143,42020,-13.0407
DATA,-14.1846,0.0526,42044,-14.1320
DATA,-13.9786,0.0595,42069,-13.9191
DATA,-11.4211,0.0431,42106,-11.3780
DATA,-7.6658,0.0294,42130,-7.6364
DATA,-3.5003,-0.0305,42155,-3.5308
DATA,1.8737,0.0228,42180,1.8965
DATA,2.5431,0.0546,42204,2.5977
DATA,2.4331,0.0051,42229,2.4381
DATA,2.6035,-0.0993,42253,2.5042
DATA,2.4928,-0.0064,42278,2.4864
DATA,2.5830,0.0472,42302,2.6301
DATA,2.5371,0.0299,42327,2.5669
DATA,2.5233,-0.0308,42352,2.4925
DATA,2.3902,0.1068,42376,2.4970
DATA,2.4754,0.1058,42401,2.5812
DATA,2.4434,-0.0291,42425,2.4143
DATA,2.5267,0.1064,42462,2.6331
DATA,2.5134,-0.0188,42487,2.4945
DATA,2.5336,0.0295,42511,2.5632
DATA,2.5043,0.0331,42536,2.5375
DATA,2.4615,-0.0166,42561,2.4449
DATA,2.5006,0.0385,42585,2.5391
DATA,2.4757,-0.0104,42610,2.4653
DATA,2.5568,-0.0278,42634,2.5290
DATA,2.4942,-0.1118,42659,2.3824
DATA,2.4201,0.1034,42684,2.5235
DATA,2.6360,0.0479,42708,2.6839
DATA,3.1434,-0.0840,42733,3.0594
DATA,4.7598,-0.0388,42757,4.7210
DATA,5.7518,-0.0066,42794,5.7452
DATA,5.8316,-0.0551,42819,5.7764
DATA,6.7506,-0.0473,42843,6.7033
DATA,7.3244,0.0938,42868,7.4182
DATA,8.0131,0.0196,42893,8.0327
DATA,8.8362,-0.0284,42917,8.8077
DATA,9.2953,0.0109,42942,9.3063
DATA,9.3681,-0.0343,42966,9.3338
DATA,9.4692,0.0992,42991,9.5684
DATA,9.0972,0.0014,43016,9.0985
DATA,7.8559,-0.0590,43040,7.7969
DATA,8.2672,0.0858,43065,8.3530
DATA,10.3493,-0.0294,43089,10.3198
DATA,10.7920,0.0246,43114,10.8166
DATA,10.5507,0.0308,43151,10.5816
DATA,10.9350,0.0210,43175,10.9560
DATA,11.7101,0.1050,43200,11.8151
DATA,11.4637,0.0768,43225,11.5405
DATA,10.9839,0.0508,43249,11.0347
DATA,11.9348,-0.0026,43274,11.9322
DATA,12.5947,0.0340,43298,12.6287
DATA,11.9677,-0.0973,43323,11.8704
DATA,11.8983,-0.0776,43348,11.8206
DATA,10.0852,-0.1302,43372,9.9550
DATA,6.7619,-0.0186,43397,6.7433
DATA,3.8333,-0.0347,43421,3.7985
DATA,2.9760,-0.0114,43446,2.9646
DATA,2.8470,0.0421,43471,2.8890
DATA,2.8351,-0.0048,43508,2.8303
DATA,2.8094,-0.0823,43532,2.7271
DATA,2.9015,-0.0788,43557,2.8227
DATA,2.7080,0.0989,43581,2.8069
DATA,2.7541,-0.0798,43606,2.6744
DATA,2.7344,0.1981,43630,2.9325
DATA,2.7355,-0.0131,43655,2.7224
DATA,2.7929,-0.0212,43680,2.7717
DATA,2.7444,-0.0557,43704,2.6887
DATA,2.7202,-0.0625,43729,2.6578
DATA,2.8343,0.1835,43753,3.0178
DATA,2.7612,-0.0374,43778,2.7238
DATA,2.7696,-0.0953,43803,2.6743
DATA,2.7381,0.0739,43839,2.8120
DATA,2.7021,0.0253,43864,2.7274
DATA,2.7776,-0.0071,43889,2.7706
DATA,2.7490,-0.0194,43913,2.7296
DATA,2.7026,0.0749,43938,2.7775
DATA,2.6852,0.0584,43962,2.7436
DATA,2.8268,-0.1117,43987,2.7151
DATA,2.7209,-0.1028,44012,2.6181
DATA,2.7128,0.0629,44036,2.7757
DATA,2.7528,-0.0498,44061,2.7030
DATA,2.7736,0.0147,44085,2.7883
DATA,2.7262,0.0084,44110,2.7345
DATA,2.7688,-0.0436,44135,2.7252
DATA,2.7464,0.0935,44159,2.8399
DATA,2.8035,0.0478,44196,2.8512
DATA,2.6788,-0.1022,44221,2.5766
DATA,2.6383,0.0606,44245,2.6989
DATA,2.7632,-0.0152,44270,2.7480
DATA,2.7056,0.0963,44294,2.8019
DATA,2.7718,0.0522,44319,2.8240
DATA,2.8030,0.1345,44344,2.9376
DATA,2.7021,-0.0026,44368,2.6996
DATA,2.6534,0.0363,44393,2.6896
DATA,2.7885,-0.0215,44417,2.7670
DATA,2.6995,0.0258,44442,2.7253
DATA,2.6903,0.1251,44467,2.8154
DATA,2.6254,0.0844,44491,2.7098
DATA,2.6643,0.0402,44516,2.7044
DATA,2.6782,-0.0798,44553,2.5985
DATA,0.7547,-0.0124,44577,0.7423
DATA,-3.2331,-0.0723,44602,-3.3054
DATA,-2.8600,0.1439,44626,-2.7160
DATA,-2.5660,-0.0741,44651,-2.6401
DATA,-1.5580,-0.0128,44676,-1.5708
DATA,0.0012,-0.0343,44700,-0.0331
DATA,1.2567,-0.1678,44725,1.0889
DATA,2.1896,0.0408,44749,2.2304
DATA,2.1951,0.0367,44774,2.2318
DATA,2.6238,-0.0694,44799,2.5545
DATA,2.3752,-0.0118,44823,2.3634
DATA,3.6146,-0.0634,44848,3.5511
DATA,4.0795,0.0969,44885,4.1763
DATA,4.8288,-0.0381,44909,4.7907
DATA,3.7232,-0.0274,44934,3.6957
DATA,3.5780,-0.1122,44958,3.4658
DATA,3.5410,0.0318,44983,3.5729
DATA,3.4209,0.0981,45008,3.5189
DATA,3.5046,0.0135,45032,3.5181
DATA,3.5929,0.1068,45057,3.6997
DATA,3.4977,0.0390,45081,3.5367
DATA,3.4799,0.0062,45106,3.4861
DATA,3.5478,-0.0325,45131,3.5153
DATA,3.4827,0.0481,45155,3.5308
DATA,3.5014,-0.0295,45180,3.4719
DATA,3.3017,0.0868,45204,3.3886
DATA,2.3290,-0.0011,45241,2.3280
DATA,1.5425,0.0482,45266,1.5907
DATA,-1.1562,0.1072,45290,-1.0490
DATA,-4.9757,0.0826,45315,-4.8931
DATA,-7.2374,0.0983,45340,-7.1391
DATA,-10.5493,0.0709,45364,-10.4784
DATA,-13.4026,-0.0458,45389,-13.4484
DATA,-15.3481,-0.0669,45413,-15.4151
DATA,-16.7970,0.0059,45438,-16.7911
DATA,-17.9695,0.0289,45463,-17.9406
DATA,-18.8149,0.1267,45487,-18.6883
DATA,-19.7600,0.0307,45512,-19.7293
DATA,-20.5605,-0.0043,45536,-20.5648
DATA,-21.5718,-0.0732,45561,-21.6450
DATA,-23.7214,0.0378,45598,-23.6836
DATA,-23.3462,0.0059,45622,-23.3403
DATA,-20.3591,-0.0135,45647,-20.3726
DATA,-15.9699,0.0340,45672,-15.9359
DATA,-11.3123,-0.0016,45696,-11.3138
DATA,-4.3024,-0.0733,45721,-4.3757
DATA,0.1100,0.0340,45745,0.1440
DATA,0.3583,-0.0216,45770,0.3367
DATA,0.2978,-0.0453,45795,0.2525
DATA,0.3637,0.0168,45819,0.3805
DATA,0.3692,0.0435,45844,0.4128
DATA,0.4132,0.1021,45868,0.5153
DATA,0.3816,-0.0903,45893,0.2913
DATA,0.4713,0.1642,45930,0.6355
DATA,0.5446,0.0516,45954,0.5962
DATA,0.5062,0.0091,45979,0.5153
DATA,0.4884,0.0516,46004,0.5400
DATA,0.4826,-0.1021,46028,0.3805
DATA,0.5716,0.1445,46053,0.7162
DATA,0.4945,0.0564,46077,0.5509
DATA,0.5687,0.0724,46102,0.6411
DATA,0.5319,0.0095,46127,0.5413
DATA,0.4571,0.0047,46151,0.4618
DATA,0.4926,0.0210,46176,0.5136
DATA,0.5485,-0.0369,46200,0.5116
DATA,0.4626,0.0548,46225,0.5174
DATA,0.4390,-0.0005,46250,0.4385
DATA,0.5129,-0.0020,46286,0.5109
DATA,0.5318,-0.0479,46311,0.4839
DATA,0.4248,0.0099,46336,0.4348
DATA,0.5456,0.1023,46360,0.6479
DATA,0.4678,-0.0865,46385,0.3813
DATA,0.5268,0.0233,46409,0.5502
DATA,0.4876,-0.1728,46434,0.3147
DATA,0.5353,-0.1430,46459,0.3923
DATA,0.5770,-0.0469,46483,0.5301
DATA,0.4323,-0.0074,46508,0.4249
DATA,0.5430,0.0072,46532,0.5501
DATA,0.6300,0.0238,46557,0.6538
DATA,0.5124,-0.0138,46581,0.4986
DATA,0.6176,0.1875,46606,0.8051
DATA,0.4444,-0.0354,46643,0.4090
DATA,0.4889,0.0213,46668,0.5102
DATA,0.4440,-0.0458,46692,0.3982
DATA,0.4502,-0.0242,46717,0.4259
DATA,0.4360,0.0336,46741,0.4696
DATA,0.5521,-0.0192,46766,0.5329
DATA,0.5132,0.0600,46791,0.5732
DATA,0.6161,-0.0776,46815,0.5385
DATA,0.6302,-0.0330,46840,0.5972
DATA,-0.6851,-0.0264,46864,-0.7115
DATA,-1.8986,0.0038,46889,-1.8947
DATA,-3.2986,0.0417,46913,-3.2570
DATA,-4.9786,-0.0982,46938,-5.0768
DATA,-7.0156,0.0322,46975,-6.9834
DATA,-8.8082,-0.0872,47000,-8.8954
DATA,-10.7781,0.1045,47024,-10.6736
DATA,-11.1113,-0.0637,47049,-11.1750
DATA,-10.5201,-0.0156,47073,-10.5358
DATA,-11.5938,0.1911,47098,-11.4028
DATA,-12.7728,0.0033,47122,-12.7695
DATA,-13.0912,0.0296,47147,-13.0616
DATA,-14.6647,-0.0159,47172,-14.6807
DATA,-16.3629,0.0645,47196,-16.2984
DATA,-15.5041,0.0724,47221,-15.4317
DATA,-13.8189,-0.0956,47245,-13.9145
DATA,-11.5594,-0.0563,47270,-11.6157
DATA,-8.3699,0.0766,47295,-8.2933
DATA,-3.7807,-0.0185,47332,-3.7992
DATA,2.3798,0.0475,47356,2.4273
DATA,2.4428,0.0361,47381,2.4789
DATA,2.4158,-0.0025,47405,2.4133
DATA,2.3865,-0.0014,47430,2.3851
DATA,2.4916,0.1281,47454,2.6197
DATA,2.4045,-0.0118,47479,2.3926
DATA,2.5308,0.0898,47504,2.6206
DATA,2.4461,0.0007,47528,2.4468
DATA,2.4847,-0.0293,47553,2.4554
DATA,2.4424,0.1255,47577,2.5679
DATA,2.4410,0.0339,47602,2.4749
DATA,2.4397,0.1034,47627,2.5431
DATA,2.4944,-0.1057,47651,2.3887
DATA,2.4861,-0.0596,47688,2.4265
DATA,1.3164,0.1432,47713,1.4596
DATA,-5.1666,0.0518,47737,-5.1148
DATA,-10.4431,-0.0214,47762,-10.4645
DATA,-20.7883,-0.0146,47786,-20.8028
DATA,-32.2640,-0.0334,47811,-32.2974
DATA,-36.7610,0.0701,47836,-36.6909
DATA,-40.3727,0.1723,47860,-40.2004
DATA,-44.6309,0.0517,47885,-44.5792
DATA,-49.4051,-0.0225,47909,-49.4277
DATA,-48.7460,0.0229,47934,-48.7231
DATA,-47.6181,-0.0208,47959,-47.6389
DATA,-48.1632,0.0233,47983,-48.1399
DATA,-48.7285,0.0591,48020,-48.6694
DATA,-45.6964,-0.0509,48045,-45.7473
DATA,-39.8325,0.0202,48069,-39.8123
DATA,-30.5372,-0.1334,48094,-30.6706
DATA,-14.3194,0.0328,48118,-14.2866
DATA,-1.1422,0.0074,48143,-1.1348
DATA,-0.3676,-0.1356,48168,-0.5031
DATA,-0.1480,-0.0682,48192,-0.2162
DATA,-0.1426,-0.0702,48217,-0.2128
DATA,-0.1550,-0.0063,48241,-0.1613
DATA,-0.1408,0.0624,48266,-0.0785
DATA,-0.1297,-0.0446,48291,-0.1743
DATA,-0.2468,0.0406,48315,-0.2062
DATA,-0.0922,-0.1604,48340,-0.2526
DATA,-0.0691,-0.0451,48377,-0.1141
DATA,-0.0557,-0.0961,48401,-0.1518
DATA,-0.0240,0.0204,48426,-0.0036
DATA,-0.0350,0.0117,48450,-0.0233
DATA,0.0962,0.0091,48475,0.1052
DATA,0.0137,-0.0806,48500,-0.0668
DATA,-0.0057,0.0169,48524,0.0113
DATA,0.0423,-0.0093,48549,0.0330
DATA,-0.0277,-0.0001,48573,-0.0277
DATA,-0.0340,0.0292,48598,-0.0048
DATA,-0.0331,0.0059,48623,-0.0272
DATA,-0.0623,0.1261,48647,0.0638
DATA,0.0450,0.0336,48672,0.0785
DATA,-0.0188,0.0091,48696,-0.0097
DATA,0.0516,-0.0449,48733,0.0067
DATA,-0.0481,-0.0203,48758,-0.0684
DATA,-0.0407,-0.0059,48782,-0.0466
DATA,0.0010,0.0714,48807,0.0725
DATA,0.0683,0.0016,48832,0.0700
DATA,0.0012,-0.0238,48856,-0.0226
DATA,-0.0562,-0.0492,48881,-0.1054
DATA,-0.0605,-0.0366,48905,-0.0971
DATA,0.0363,0.0186,48930,0.0550
DATA,-0.0694,-0.0805,48955,-0.1499
DATA,0.1048,0.0512,48979,0.1559
DATA,0.0799,0.0277,49004,0.1076
DATA,0.0318,0.0661,49028,0.0979
DATA,0.1692,-0.0827,49065,0.0865
DATA,0.0099,-0.0426,49090,-0.0327
DATA,-0.0094,0.2149,49114,0.2055
DATA,0.1142,0.0258,49139,0.1400
DATA,-0.0470,-0.0822,49164,-0.1292
DATA,0.1460,0.0634,49188,0.2094
DATA,0.0485,0.0626,49213,0.1111
DATA,-0.0015,0.0357,49237,0.0343
DATA,0.0395,0.0236,49262,0.0631
DATA,0.0801,0.0709,49287,0.1511
DATA,0.0222,-0.0485,49311,-0.0264
DATA,0.1298,-0.1084,49336,0.0213
DATA,0.0712,-0.0842,49360,-0.0130
DATA,0.0316,-0.1014,49385,-0.0698
DATA,0.0950,0.0637,49422,0.1587
DATA,0.0080,-0.0212,49447,-0.0132
DATA,0.0727,-0.0198,49471,0.0529
DATA,0.0271,-0.0882,49496,-0.0611
DATA,0.0903,0.0075,49520,0.0978
DATA,0.0943,0.0534,49545,0.1477
DATA,0.0273,0.0279,49569,0.0552
DATA,0.0416,-0.0486,49594,-0.0070
DATA,0.0330,0.0328,49619,0.0659
DATA,0.0255,0.0026,49643,0.0281
DATA,-0.0253,0.0709,49668,0.0457
DATA,-1.4645,-0.0003,49692,-1.4648
DATA,-2.6512,0.1432,49717,-2.5080
DATA,-4.2691,0.0214,49742,-4.2477
DATA,-5.6382,0.0995,49779,-5.5387
DATA,-5.6349,0.0947,49803,-5.5402
DATA,-5.1677,0.0547,49828,-5.1130
DATA,-4.9531,0.0607,49852,-4.8924
DATA,-5.4904,0.0531,49877,-5.4373
DATA,-5.7350,0.1042,49901,-5.6307
DATA,-7.8108,0.0603,49926,-7.7505
DATA,-10.1410,0.0624,49951,-10.0787
DATA,-10.6178,0.0444,49975,-10.5734
DATA,-8.7352,0.1191,50000,-8.6161
DATA,-6.1890,0.0803,50024,-6.1087
DATA,-1.7575,-0.0064,50049,-1.7639
DATA,-0.0645,0.0221,50074,-0.0424
DATA,-0.0635,-0.0305,50111,-0.0939
DATA,-0.0206,-0.0113,50135,-0.0319
DATA,0.0518,0.0321,50160,0.0839
DATA,-0.0934,-0.0402,50184,-0.1336
DATA,-0.0436,0.0107,50209,-0.0328
DATA,-0.0376,0.2255,50233,0.1878
DATA,0.0864,0.3562,50258,0.4426
DATA,-0.0003,-0.2999,50283,-0.3002
DATA,-0.0496,0.0832,50307,0.0336
DATA,0.1520,0.0717,50332,0.2237
DATA,0.1690,0.1562,50356,0.3252
DATA,0.1909,0.0299,50381,0.2209
DATA,0.1309,-0.0454,50406,0.0855
DATA,0.1033,0.0485,50430,0.1518
DATA,0.1154,-0.0368,50467,0.0786
DATA,0.1954,-0.0016,50492,0.1938
DATA,0.1421,0.1051,50516,0.2472
DATA,0.2489,0.0623,50541,0.3112
DATA,0.1255,-0.0091,50565,0.1164
DATA,0.1279,0.0196,50590,0.1475
DATA,0.1191,0.0199,50615,0.1390
DATA,0.1812,0.0623,50639,0.2435
DATA,0.2227,0.0682,50664,0.2909
DATA,0.1327,0.0385,50688,0.1712
DATA,0.1463,-0.1396,50713,0.0067
DATA,0.0437,-0.1284,50738,-0.0847
DATA,0.1545,0.0858,50762,0.2403
DATA,0.1030,0.0687,50787,0.1717
DATA,0.1314,0.0780,50824,0.2094
DATA,0.1832,0.0630,50848,0.2462
DATA,0.0443,0.0764,50873,0.1207
DATA,0.1136,0.0607,50897,0.1743
DATA,0.1679,-0.0595,50922,0.1085
DATA,0.1391,-0.0583,50947,0.0808
DATA,0.1590,-0.0610,50971,0.0980
DATA,0.0331,0.1468,50996,0.1799
DATA,0.0376,-0.0768,51020,-0.0393
DATA,0.1629,0.0652,51045,0.2281
DATA,0.1108,-0.0936,51070,0.0173
DATA,0.2128,-0.1481,51094,0.0647
DATA,0.0481,0.1065,51119,0.1546
DATA,0.2417,-0.0581,51156,0.1837
DATA,0.1411,-0.0577,51180,0.0834
DATA,0.1500,0.0506,51205,0.2006
DATA,0.2154,0.1525,51229,0.3678
DATA,0.0957,-0.1407,51254,-0.0450
DATA,0.0808,-0.0369,51279,0.0438
DATA,0.2068,0.0834,51303,0.2902
DATA,0.0988,-0.0071,51328,0.0917
DATA,0.1262,0.0322,51352,0.1584
DATA,0.0615,-0.0066,51377,0.0548
DATA,0.0864,0.0586,51402,0.1450
DATA,0.2166,0.0303,51426,0.2468
DATA,0.0480,0.0043,51451,0.0523
DATA,0.2820,0.0554,51475,0.3374
DATA,0.2585,0.0263,51512,0.2848
DATA,0.2873,0.0485,51537,0.3358
DATA,0.2329,0.0661,51561,0.2990
DATA,0.1809,-0.0397,51586,0.1412
DATA,0.2779,0.0901,51611,0.3680
DATA,0.2255,-0.0507,51635,0.1748
DATA,0.2472,-0.0596,51660,0.1876
DATA,0.2466,-0.0947,51684,0.1520
DATA,0.1537,-0.0283,51709,0.1254
DATA,0.1732,0.0659,51734,0.2391
DATA,0.1167,0.0995,51758,0.2162
DATA,0.2166,0.0194,51783,0.2359
DATA,0.2131,-0.1041,51807,0.1090
DATA,0.1518,0.1832,51832,0.3350
DATA,0.2388,0.1032,51869,0.3420
DATA,0.0231,-0.6213,51893,-0.5982
DATA,-0.0362,-0.4896,51918,-0.5258
DATA,0.2941,-0.3190,51943,-0.0249
DATA,0.4451,-0.0913,51967,0.3539
DATA,0.3528,-0.7108,51992,-0.3580
DATA,-0.3244,-0.9207,52016,-1.2451
DATA,-0.6387,-0.7217,52041,-1.3604
DATA,-0.4514,-1.0443,52066,-1.4957
DATA,-0.2066,-0.7536,52090,-0.9601
DATA,0.0755,-0.2277,52115,-0.1523
DATA,0.2799,-0.4393,52139,-0.1594
DATA,0.7313,0.5075,52164,1.2388
DATA,1.0734,1.0967,52201,2.1701
DATA,1.1700,1.1398,52225,2.3099
DATA,1.2035,0.9529,52250,2.1564
DATA,1.6099,1.2514,52275,2.8612
DATA,1.6732,1.9875,52299,3.6607
DATA,1.8800,2.5474,52324,4.4275
DATA,1.5885,1.5058,52348,3.0944
DATA,1.3808,1.0183,52373,2.3991
DATA,1.5600,1.6652,52397,3.2252
DATA,2.1815,2.4108,52422,4.5923
DATA,2.0527,1.8498,52447,3.9025
DATA,1.4248,1.2818,52471,2.7067
DATA,1.7487,2.0598,52496,3.8085
DATA,2.1387,2.9093,52520,5.0480
DATA,2.1561,1.6337,52557,3.7898
DATA,1.6647,2.2057,52582,3.8705
DATA,2.5039,2.7173,52607,5.2212
DATA,2.1426,2.3338,52631,4.4764
DATA,1.7070,2.3697,52656,4.0767
DATA,2.0474,3.0792,52680,5.1265
DATA,2.4784,2.9686,52705,5.4470
DATA,2.0398,2.3881,52729,4.4279
DATA,2.2922,2.9823,52754,5.2745
DATA,3.1694,4.3660,52779,7.5354
DATA,3.2643,4.0848,52803,7.3491
DATA,2.6420,3.2047,52828,5.8467
DATA,2.0972,2.8018,52852,4.8990
DATA,2.2701,2.4794,52889,4.7495
DATA,2.4738,2.1867,52914,4.6605
DATA,2.3966,2.2537,52938,4.6504
DATA,2.1648,1.7542,52963,3.9189
DATA,1.6320,2.0443,52988,3.6763
DATA,2.0674,3.1414,53012,5.2088
DATA,2.6777,2.9050,53037,5.5827
DATA,2.3274,2.3132,53061,4.6406
DATA,1.9497,2.2413,53086,4.1909
DATA,2.3071,2.2446,53111,4.5517
DATA,2.0134,1.9334,53135,3.9467
DATA,1.8179,1.8769,53160,3.6948
DATA,1.9725,1.8193,53184,3.7919
DATA,1.7162,1.5880,53209,3.3042
DATA,1.9523,2.0339,53246,3.9862
DATA,2.1871,1.9168,53270,4.1039
DATA,1.7069,1.8502,53295,3.5571
DATA,2.1655,1.9756,53320,4.1411
DATA,1.8261,1.7279,53344,3.5540
DATA,1.7292,1.4890,53369,3.2182
DATA,1.6993,1.6887,53393,3.3881
DATA,1.9206,1.6705,53418,3.5911
DATA,1.7492,1.6055,53443,3.3547
DATA,1.8171,1.4170,53467,3.2341
DATA,1.7959,1.6603,53492,3.4561
DATA,1.7104,1.8679,53516,3.5784
DATA,1.5354,1.7159,53541,3.2514
DATA,1.1053,1.3491,53566,2.4543
DATA,1.1248,1.4697,53602,2.5945
DATA,0.8422,1.3714,53627,2.2136
DATA,0.7454,1.4613,53652,2.2067
DATA,0.6312,1.3351,53676,1.9663
DATA,0.6959,1.3794,53701,2.0753
DATA,0.5662,1.4631,53725,2.0292
DATA,0.9917,1.9571,53750,2.9488
DATA,1.0678,1.9902,53775,3.0580
DATA,1.2067,1.9879,53799,3.1946
DATA,1.3149,1.9225,53824,3.2375
DATA,1.4897,1.5849,53848,3.0746
DATA,1.4579,1.4437,53873,2.9017
DATA,1.6149,1.8781,53897,3.4930
DATA,2.0214,1.5836,53934,3.6050
DATA,1.3410,0.1221,53959,1.4631
DATA,1.2465,1.5026,53984,2.7492
DATA,1.3037,1.2996,54008,2.6034
DATA,1.3969,2.2032,54033,3.6001
DATA,1.5640,2.4957,54057,4.0597
DATA,1.2220,2.3418,54082,3.5638
DATA,1.1097,2.2403,54107,3.3500
DATA,1.2887,2.2399,54131,3.5286
DATA,0.9562,1.9809,54156,2.9371
DATA,0.5899,1.3266,54180,1.9165
DATA,0.2507,1.5210,54205,1.7717
DATA,0.3530,2.0676,54229,2.4207
DATA,0.4303,2.1190,54254,2.5493
DATA,0.2766,2.4908,54291,2.7674
DATA,0.3792,2.4965,54316,2.8757
DATA,0.5302,2.2141,54340,2.7442
DATA,0.7591,1.8781,54365,2.6372
DATA,0.6557,1.9708,54389,2.6266
DATA,0.6224,2.1588,54414,2.7813
DATA,0.9865,2.3088,54438,3.2953
DATA,1.2959,2.0976,54463,3.3935
DATA,1.5105,1.8851,54488,3.3956
DATA,2.0202,1.9907,54512,4.0109
DATA,2.7869,1.9214,54537,4.7084
DATA,3.0429,1.9623,54561,5.0052
DATA,3.4281,1.9566,54586,5.3847
DATA,3.4622,1.8903,54611,5.3525
DATA,3.5256,2.1661,54648,5.6916
DATA,3.4463,2.0744,54672,5.5207
DATA,3.7025,2.2327,54697,5.9351
DATA,3.8439,2.2276,54721,6.0714
DATA,3.8265,2.1297,54746,5.9562
DATA,3.7850,1.9959,54770,5.7809
DATA,3.8640,1.8082,54795,5.6722
DATA,3.7738,1.8131,54820,5.5868
DATA,5.7824,1.9624,54844,7.7448
DATA,8.6682,1.9111,54869,10.5793
DATA,10.2142,1.9379,54893,12.1522
DATA,11.5529,1.9406,54918,13.4935
DATA,11.9173,1.8561,54943,13.7734
DATA,10.8612,1.8164,54979,12.6776
DATA,8.5309,2.0588,55004,10.5897
DATA,8.1011,1.9454,55029,10.0465
DATA,12.5137,1.7486,55053,14.2623
DATA,15.9125,1.7829,55078,17.6954
DATA,17.3063,3.0065,55102,20.3128
DATA,18.4389,4.5006,55127,22.9395
DATA,20.4993,5.3112,55152,25.8105
DATA,21.5987,8.0816,55176,29.6804
DATA,24.3779,13.4628,55201,37.8407
DATA,28.5046,19.3182,55225,47.8228
DATA,31.7363,22.4646,55250,54.2010
DATA,35.2484,27.6602,55275,62.9085
DATA,40.9611,36.6984,55299,77.6595
DATA,48.9955,42.6808,55336,91.6763
DATA,57.2020,45.9035,55361,103.1055
DATA,65.9459,45.7196,55385,111.6655
DATA,73.3743,45.2452,55410,118.6195
DATA,78.5229,47.4089,55434,125.9319
DATA,81.1810,50.1786,55459,131.3596
DATA,84.0427,49.1119,55484,133.1546
DATA,85.3809,50.3327,55508,135.7136
DATA,83.8292,53.0986,55533,136.9278
DATA,82.7837,52.7063,55557,135.4900
DATA,83.9642,45.9683,55582,129.9325
DATA,82.2267,41.0828,55607,123.3095
DATA,77.2747,38.9949,55631,116.2696
DATA,67.3631,31.4653,55656,98.8284
DATA,56.9299,16.8420,55693,73.7719
DATA,45.0226,5.7806,55717,50.8032
DATA,28.7405,2.0487,55742,30.7892
DATA,10.2402,1.6120,55766,11.8522
DATA,6.5317,1.5826,55791,8.1142
DATA,6.8003,1.9116,55816,8.7119
DATA,6.7812,1.8983,55840,8.6795
DATA,6.8686,2.0760,55865,8.9446
DATA,6.9650,2.1008,55889,9.0658
DATA,6.9255,2.0132,55914,8.9387
DATA,6.7774,1.9556,55939,8.7329
DATA,6.8453,1.8560,55963,8.7013
DATA,6.8084,1.9752,55988,8.7836
DATA,6.6756,1.9114,56025,8.5870
DATA,6.4560,1.9001,56049,8.3561
DATA,6.5136,1.9777,56074,8.4913
DATA,6.6302,1.9089,56098,8.5391
DATA,6.5609,1.9146,56123,8.4755
DATA,6.4435,1.9370,56148,8.3805
DATA,6.3250,2.0921,56172,8.4171
DATA,6.3353,1.8870,56197,8.2223
DATA,9.2291,6.0692,56221,15.2982
DATA,13.3764,6.1774,56246,19.5538
DATA,14.5861,5.4995,56271,20.0856
DATA,16.0853,5.9244,56295,22.0097
DATA,19.0279,7.4254,56320,26.4533
DATA,22.2196,9.5001,56344,31.7197
DATA,25.1405,13.8789,56381,39.0195
DATA,28.8554,18.8146,56406,47.6700
DATA,30.8997,24.5927,56430,55.4924
DATA,33.9719,27.5848,56455,61.5567
DATA,37.3758,27.1719,56480,64.5478
DATA,40.9771,27.4129,56504,68.3900
DATA,43.0943,28.1790,56529,71.2733
DATA,43.1132,29.2146,56553,72.3278
DATA,42.2873,30.5217,56578,72.8091
DATA,41.6256,30.3417,56602,71.9673
DATA,41.4901,29.4759,56627,70.9660
DATA,40.5519,30.1232,56652,70.6751
DATA,40.6385,32.2353,56676,72.8738
DATA,41.8052,31.1726,56701,72.9778
DATA,42.7509,30.4399,56738,73.1908
DATA,42.5712,34.0877,56762,76.6589
DATA,41.9632,35.4313,56787,77.3945
DATA,42.4646,31.7699,56812,74.2345
DATA,43.3901,28.0383,56836,71.4284
DATA,40.6957,28.2854,56861,68.9811
DATA,34.4918,24.8718,56885,59.3636
DATA,25.7690,20.9578,56910,46.7269
DATA,17.6802,16.2704,56934,33.9506
DATA,13.2900,11.1321,56959,24.4220
DATA,9.8814,6.4590,56984,16.3404
DATA,7.3947,2.7331,57008,10.1277
DATA,7.0570,1.7065,57033,8.7634
DATA,6.9894,1.7559,57070,8.7453
DATA,6.9190,2.0784,57094,8.9974
DATA,6.8285,1.8798,57119,8.7082
DATA,6.7789,1.8446,57143,8.6236
DATA,6.7925,1.7077,57168,8.5002
DATA,6.7976,1.8704,57193,8.6680
DATA,6.8106,1.8532,57217,8.6637
DATA,6.8027,2.0061,57242,8.8088
DATA,6.7078,1.8931,57266,8.6009
DATA,6.8318,1.9367,57291,8.7684
DATA,6.6408,1.7496,57316,8.3904
DATA,6.6490,1.7103,57340,8.3593
DATA,6.4676,1.7379,57365,8.2055
DATA,6.5358,1.8807,57389,8.4165
DATA,6.5429,1.9032,57426,8.4461
DATA,6.6556,1.6093,57451,8.2649
DATA,6.6040,1.6484,57475,8.2524
DATA,6.5611,1.7991,57500,8.3602
DATA,6.4763,1.7713,57525,8.2476
DATA,6.6040,1.8858,57549,8.4898
DATA,6.6313,1.7980,57574,8.4293
DATA,6.4710,1.8243,57598,8.2952
DATA,6.5431,1.8387,57623,8.3819
DATA,6.4688,1.7631,57648,8.2319
DATA,6.5945,1.8032,57672,8.3977
DATA,6.5683,2.0182,57697,8.5866
DATA,6.5563,1.8076,57721,8.3640
DATA,6.5708,1.7952,57746,8.3660
DATA,6.6060,1.6908,57783,8.2968
DATA,6.6553,1.7943,57807,8.4496
DATA,11.1822,2.1122,57832,13.2944
DATA,14.9799,3.2447,57857,18.2246
DATA,16.5078,3.6960,57881,20.2038
DATA,18.1469,4.1679,57906,22.3147
DATA,20.6397,6.4778,57930,27.1175
DATA,23.2699,11.5651,57955,34.8350
DATA,28.3775,17.4722,57980,45.8497
DATA,33.6999,23.6972,58004,57.3971
DATA,35.4857,28.4863,58029,63.9720
DATA,37.4431,34.3389,58053,71.7821
DATA,37.6217,39.5761,58078,77.1979
DATA,39.2822,43.9893,58115,83.2715
DATA,42.6077,44.1791,58139,86.7867
DATA,48.3474,41.4002,58164,89.7476
DATA,54.3613,44.9146,58189,99.2759
DATA,57.0831,48.3993,58213,105.4824
DATA,60.1515,48.5603,58238,108.7117
DATA,61.3759,50.5402,58262,111.9161
DATA,61.2772,50.1657,58287,111.4428
DATA,60.9076,48.7770,58312,109.6845
DATA,59.3990,49.4426,58336,108.8416
DATA,57.8819,50.7859,58361,108.6678
DATA,59.1360,49.3046,58385,108.4406
DATA,60.5865,49.0176,58410,109.6041
DATA,59.1983,48.8751,58435,108.0733
DATA,57.9747,43.0734,58471,101.0480
DATA,56.7604,38.8056,58496,95.5661
DATA,54.4058,34.9594,58521,89.3652
DATA,48.8475,30.9174,58545,79.7650
DATA,38.5125,23.4373,58570,61.9498
DATA,30.5792,15.5032,58594,46.0824
DATA,23.6823,4.7589,58619,28.4412
DATA,15.0246,2.6193,58644,17.6438
DATA,7.1233,1.5124,58668,8.6357
DATA,6.7186,1.5259,58693,8.2445
DATA,6.7294,1.6675,58717,8.3969
DATA,6.7043,1.7954,58742,8.4997
DATA,6.7043,2.1738,58767,8.8782
DATA,6.9099,2.1198,58791,9.0297
DATA,6.9356,2.0816,58828,9.0172
DATA,6.9558,1.9261,58853,8.8819
DATA,6.7774,1.7549,58877,8.5323
DATA,6.7158,1.7626,58902,8.4784
DATA,6.6312,1.8489,58926,8.4801
DATA,6.6278,1.8580,58951,8.4858
DATA,6.6128,2.0329,58976,8.6457
DATA,6.5093,1.9243,59000,8.4335
DATA,6.1451,1.9134,59025,8.0585
DATA,5.7375,1.9274,59049,7.6649
DATA,5.3642,2.1267,59074,7.4909
DATA,4.7568,1.9896,59099,6.7463
DATA,4.1745,1.9739,59123,6.1484
DATA,3.7591,2.0015,59148,5.7605
DATA,3.4132,1.9234,59185,5.3366
DATA,3.4044,1.8302,59209,5.2346
DATA,3.7513,1.8216,59234,5.5729
DATA,11.8067,1.6020,59258,13.4087
DATA,21.4415,1.7796,59283,23.2211
DATA,23.9746,1.7856,59308,25.7602
DATA,24.2538,1.8047,59332,26.0586
DATA,25.9518,2.7764,59357,28.7282
DATA,30.8619,7.6473,59381,38.5092
DATA,36.3513,11.7988,59406,48.1501
DATA,39.2248,15.4933,59431,54.7181
DATA,40.9264,18.9192,59455,59.8456
DATA,44.1836,23.5329,59480,67.7165
DATA,46.5824,27.1848,59517,73.7672
DATA,47.9360,33.1783,59541,81.1143
DATA,47.5836,42.8298,59566,90.4134
DATA,45.8690,48.4269,59590,94.2959
DATA,47.9816,49.0193,59615,97.0009
DATA,50.9183,51.9435,59640,102.8618
DATA,51.6827,57.7643,59664,109.4470
DATA,51.4615,61.5244,59689,112.9860
DATA,52.5994,62.7075,59713,115.3069
DATA,53.5282,70.3143,59738,123.8425
DATA,55.3631,76.5756,59763,131.9387
DATA,57.6659,77.6519,59787,135.3178
DATA,58.8929,79.5576,59812,138.4506
DATA,58.1985,84.9623,59836,143.1608
DATA,61.2492,90.3490,59873,151.5982
DATA,67.5799,86.4916,59898,154.0715
DATA,70.9615,85.3467,59922,156.3082
DATA,67.8556,86.6911,59947,154.5467
DATA,62.4197,80.1030,59972,142.5227
DATA,58.8911,67.0004,59996,125.8915
DATA,50.8512,52.2596,60021,103.1108
DATA,36.1008,36.2164,60045,72.3172
DATA,18.8866,21.0929,60070,39.9795
DATA,8.9024,7.1226,60094,16.0250
DATA,7.0948,2.3904,60119,9.4852
DATA,7.0600,1.3513,60144,8.4113
DATA,6.7957,1.8179,60168,8.6136
DATA,6.9916,1.8858,60193,8.8775
DATA,7.0969,1.9585,60230,9.0553
DATA,6.9970,1.7654,60254,8.7623
DATA,7.0964,1.6493,60279,8.7456
DATA,7.2350,1.8048,60303,9.0398
DATA,7.1506,1.8877,60328,9.0383
DATA,7.0090,1.7229,60353,8.7319
DATA,7.0208,1.5983,60377,8.6191
DATA,10.2982,11.1301,60402,21.4283
DATA,18.9157,13.9943,60426,32.9100
DATA,26.4337,16.3439,60451,42.7776
DATA,30.9632,23.6463,60476,54.6095
DATA,37.9320,38.9875,60500,76.9195
DATA,47.5690,49.1414,60525,96.7103
DATA,57.1689,55.2651,60562,112.4340
DATA,60.8354,61.0375,60586,121.8728
DATA,59.8017,67.2486,60611,127.0504
DATA,61.5162,69.9105,60635,131.4267
DATA,63.5307,66.9614,60660,130.4921
DATA,63.3157,65.4270,60685,128.7427
DATA,61.7053,62.3746,60709,124.0800
DATA,58.5876,53.2075,60734,111.7951
DATA,51.8042,38.5343,60758,90.3385
DATA,37.5398,21.8428,60783,59.3826
DATA,17.0285,7.7895,60808,24.8180
DATA,6.2624,0.4149,60832,6.6773
DATA,5.6372,0.1041,60857,5.7413
DATA,6.3344,0.7899,60881,7.1243
DATA,6.7548,1.3069,60918,8.0617
DATA,6.6866,0.4569,60943,7.1436
DATA,5.9905,0.1959,60967,6.1864
DATA,6.0498,0.7947,60992,6.8445
DATA,6.5480,1.4659,61017,8.0139
DATA,6.6308,1.3257,61041,7.9565
DATA,6.2843,1.1165,61066,7.4008
DATA,6.2110,1.0698,61090,7.2808
DATA,6.0555,1.0491,61115,7.1046
DATA,5.9638,1.1857,61140,7.1495
DATA,5.9484,1.3877,61164,7.3361
DATA,6.4292,1.5639,61189,7.9932
DATA,6.5467,1.6296,61213,8.1763
DATA,6.3100,0.9912,61238,7.3012
DATA,5.8108,0.7929,61275,6.6037
DATA,5.5924,0.8159,61299,6.4083
DATA,5.4524,0.2314,61324,5.6837
DATA,5.1774,-0.1842,61349,4.9931
DATA,5.4448,-0.0630,61373,5.3818
DATA,5.6493,0.0633,61398,5.7126
DATA,5.2029,-0.4522,61422,4.7508
DATA,4.6307,-0.9798,61447,3.6508
DATA,4.4228,-1.2273,61472,3.1955
DATA,4.6284,-0.9741,61496,3.6543
DATA,4.7674,-0.4105,61521,4.3569
DATA,5.2137,0.0149,61545,5.2286
DATA,5.2806,0.3047,61570,5.5852
DATA,5.3208,0.1764,61595,5.4972
DATA,5.2259,-0.0421,61631,5.1838
DATA,5.0495,-0.0444,61656,5.0051
DATA,4.9670,0.0193,61681,4.9862
DATA,5.0434,0.0949,61705,5.1383
DATA,5.0017,-0.0935,61730,4.9082
DATA,5.1118,-0.2466,61754,4.8652
DATA,5.0747,-0.0144,61779,5.0603
DATA,5.1236,-0.0611,61804,5.0625
DATA,5.1353,0.0130,61828,5.1483
DATA,5.3037,0.2797,61853,5.5834
DATA,5.3321,0.2818,61877,5.6139
DATA,5.1132,-0.0078,61902,5.1054
DATA,5.2102,-0.0927,61927,5.1175
DATA,2.1188,0.2373,61963,2.3560
DATA,2.4466,0.0733,61988,2.5200
DATA,2.6357,0.1711,62013,2.8068
DATA,2.5216,0.0492,62037,2.5708
DATA,3.2013,-0.0032,62062,3.1981
DATA,1.6390,-0.1356,62086,1.5034
DATA,2.2388,0.0012,62111,2.2400
DATA,2.2074,-0.0105,62136,2.1970
DATA,2.2997,-0.0395,62160,2.2602
DATA,2.2372,0.1021,62185,2.3393
DATA,2.2761,-0.0076,62209,2.2685
DATA,2.2923,-0.0317,62234,2.2606
DATA,2.1925,-0.0243,62259,2.1682
DATA,2.2133,0.1148,62283,2.3282
DATA,2.3038,0.0571,62320,2.3608
DATA,2.3098,0.0948,62345,2.4046
DATA,2.2930,0.0651,62369,2.3581
DATA,2.3318,0.0228,62394,2.3547
DATA,2.1993,-0.0455,62418,2.1538
DATA,2.3503,0.0755,62443,2.4258
DATA,2.3714,0.0790,62468,2.4504
DATA,2.3068,0.1029,62492,2.4097
DATA,2.4686,-0.0234,62517,2.4452
DATA,2.2546,0.0142,62541,2.2688
DATA,2.2979,0.1729,62566,2.4707
DATA,2.2238,-0.0283,62591,2.1955
DATA,2.4048,-0.0258,62615,2.3790
DATA,2.3991,0.1271,62640,2.5262
DATA,2.3434,0.0662,62677,2.4097
DATA,2.3627,-0.0495,62701,2.3132
DATA,2.4208,-0.0584,62726,2.3624
DATA,2.4468,-0.0149,62750,2.4319
DATA,2.3077,-0.0188,62775,2.2889
DATA,2.3244,0.0353,62800,2.3597
DATA,2.4501,0.0122,62824,2.4623
DATA,2.3812,0.1143,62849,2.4955
DATA,2.4358,0.1748,62873,2.6106
DATA,2.3436,0.0882,62898,2.4318
DATA,2.3527,0.0241,62923,2.3768
DATA,2.4393,0.0744,62947,2.5137
DATA,2.4506,0.0471,62972,2.4976
DATA,2.3576,0.0003,63009,2.3579
DATA,2.3466,-0.0215,63033,2.3251
DATA,2.3394,-0.0451,63058,2.2944
DATA,2.4297,0.0303,63082,2.4599
DATA,2.3543,-0.0121,63107,2.3422
DATA,2.3936,0.0318,63132,2.4253
DATA,2.3942,-0.0429,63156,2.3513
DATA,2.4075,0.0794,63181,2.4869
DATA,2.3731,-0.0326,63205,2.3405
DATA,2.4347,0.1006,63230,2.5353
DATA,2.4232,-0.0188,63255,2.4043
DATA,2.4436,0.0068,63279,2.4503
DATA,2.4266,-0.0182,63304,2.4084
DATA,2.4736,0.1367,63328,2.6103
DATA,2.4702,0.1412,63365,2.6114
DATA,2.4617,-0.0155,63390,2.4463
DATA,2.4348,0.0383,63414,2.4731
DATA,2.4256,-0.0199,63439,2.4056
DATA,2.3873,0.0529,63464,2.4402
DATA,2.4271,0.0403,63488,2.4674
DATA,2.4791,-0.0767,63513,2.4024
DATA,2.4057,0.0820,63537,2.4877
DATA,2.3907,0.0260,63562,2.4167
DATA,2.4637,-0.0341,63587,2.4296
DATA,2.4633,0.0611,63611,2.5244
DATA,2.4197,0.0387,63636,2.4584
